/*
 Navicat Premium Data Transfer

 Source Server         : mysql
 Source Server Type    : MySQL
 Source Server Version : 80300
 Source Host           : localhost:3306
 Source Schema         : meishijie

 Target Server Type    : MySQL
 Target Server Version : 80300
 File Encoding         : 65001

 Date: 12/06/2025 00:51:29
*/

SET NAMES utf8mb4;
SET FOREIGN_KEY_CHECKS = 0;

-- ----------------------------
-- Table structure for home_column_list
-- ----------------------------
DROP TABLE IF EXISTS `home_column_list`;
CREATE TABLE `home_column_list` (
  `id` varchar(80) CHARACTER SET utf32 COLLATE utf32_bin NOT NULL COMMENT '栏位id',
  `column_name` varchar(80) CHARACTER SET utf32 COLLATE utf32_bin NOT NULL COMMENT '栏位名称',
  `system` tinyint(1) NOT NULL DEFAULT '0' COMMENT '是否是系统预设栏位 1:是 0:否',
  `available` tinyint(1) NOT NULL DEFAULT '0' COMMENT '是否启用 1:启用 0：禁用',
  `sort_no` int NOT NULL DEFAULT '0' COMMENT '排序值',
  `create_time` datetime NOT NULL COMMENT '创建时间',
  `update_time` datetime NOT NULL COMMENT '更新时间',
  PRIMARY KEY (`id`)
) ENGINE=InnoDB DEFAULT CHARSET=utf32 COLLATE=utf32_bin COMMENT='首页栏位';

-- ----------------------------
-- Records of home_column_list
-- ----------------------------
BEGIN;
INSERT INTO `home_column_list` VALUES ('0c81c7dc-ae6f-45f9-8c08-5bfe3ceaa09a', '健康素食', 0, 1, 5, '2025-06-12 00:46:32', '2025-06-12 00:46:32');
INSERT INTO `home_column_list` VALUES ('2f076788-6904-4330-b104-63f2b7d644e1', '肉食精选', 0, 1, 4, '2025-06-12 00:44:51', '2025-06-12 00:44:51');
INSERT INTO `home_column_list` VALUES ('33e1a8e1-b943-4a5d-b809-dc5463f8a143', '时令菜肴', 0, 1, 3, '2025-04-05 23:40:27', '2025-04-05 23:40:31');
INSERT INTO `home_column_list` VALUES ('TODAY_HOT_SEARCH', '今日热搜', 1, 1, 1, '2025-03-29 19:04:51', '2025-03-29 23:00:46');
INSERT INTO `home_column_list` VALUES ('TODAY_HOT_VIDEO_RECIPE', '今日热门视频菜谱', 1, 1, 0, '2025-03-29 19:03:23', '2025-03-29 19:03:23');
INSERT INTO `home_column_list` VALUES ('TODAY_THREE_MEALS', '今日三餐', 1, 1, 2, '2025-03-29 19:05:55', '2025-04-06 23:11:40');
INSERT INTO `home_column_list` VALUES ('e5fce545-baee-4367-a004-1f0a908a1785', '烘焙', 0, 1, 6, '2025-06-12 00:47:58', '2025-06-12 00:47:58');
COMMIT;

-- ----------------------------
-- Table structure for home_column_list_recipe
-- ----------------------------
DROP TABLE IF EXISTS `home_column_list_recipe`;
CREATE TABLE `home_column_list_recipe` (
  `id` varchar(80) COLLATE utf32_bin NOT NULL COMMENT '主键id',
  `column_id` varchar(80) COLLATE utf32_bin NOT NULL COMMENT '栏位id',
  `recipe_id` varchar(80) COLLATE utf32_bin NOT NULL COMMENT '菜谱id',
  `sort_no` int DEFAULT '0' COMMENT '排序值',
  `create_time` datetime NOT NULL COMMENT '创建时间',
  `update_time` datetime NOT NULL COMMENT '更新时间',
  PRIMARY KEY (`id`)
) ENGINE=InnoDB DEFAULT CHARSET=utf32 COLLATE=utf32_bin;

-- ----------------------------
-- Records of home_column_list_recipe
-- ----------------------------
BEGIN;
INSERT INTO `home_column_list_recipe` VALUES ('03bea46d-f295-4132-9542-48cec7089843', '2f076788-6904-4330-b104-63f2b7d644e1', 'aeb3e08b-9325-44a2-b90d-a5fd8338dda5', 0, '2025-06-12 00:45:08', '2025-06-12 00:45:08');
INSERT INTO `home_column_list_recipe` VALUES ('051baaf0-daa9-43a7-9f40-27c4e142bf90', '2f076788-6904-4330-b104-63f2b7d644e1', 'f038922d-0fd4-4c08-8c08-10903b2b741b', 2, '2025-06-12 00:45:40', '2025-06-12 00:45:42');
INSERT INTO `home_column_list_recipe` VALUES ('0bdb71ad-45db-4480-9da2-a12953d448d4', '0c81c7dc-ae6f-45f9-8c08-5bfe3ceaa09a', '3c6e8e2a-ea6c-4eb9-bfd9-d08d7ba4e658', 4, '2025-06-12 00:47:41', '2025-06-12 00:47:44');
INSERT INTO `home_column_list_recipe` VALUES ('26e30dd6-758b-4cfd-9618-6dc03ea6ef48', 'e5fce545-baee-4367-a004-1f0a908a1785', '9a8ca8a3-a896-478f-8a6f-b3df8b783754', 2, '2025-06-12 00:48:38', '2025-06-12 00:48:40');
INSERT INTO `home_column_list_recipe` VALUES ('27c674b2-5234-4b37-8159-aedcdcd4d3a1', '33e1a8e1-b943-4a5d-b809-dc5463f8a143', 'd812d7df-15bf-4a22-82e1-6535d2e0e24a', 3, '2025-06-12 00:44:17', '2025-06-12 00:44:20');
INSERT INTO `home_column_list_recipe` VALUES ('28599fd6-e049-4bed-a974-a3f5fd98ff63', 'e5fce545-baee-4367-a004-1f0a908a1785', 'a53c66db-98f8-4bf3-abf9-baa282562b3c', 0, '2025-06-12 00:48:09', '2025-06-12 00:48:09');
INSERT INTO `home_column_list_recipe` VALUES ('353cca2c-6718-4cff-9c78-88a06ddd707b', '33e1a8e1-b943-4a5d-b809-dc5463f8a143', '5e160fe5-5f5d-478f-9be7-1ff047e7a813', 4, '2025-06-12 00:44:33', '2025-06-12 00:44:35');
INSERT INTO `home_column_list_recipe` VALUES ('38aeaf82-c409-4b73-9c38-891948dfcbad', '33e1a8e1-b943-4a5d-b809-dc5463f8a143', 'ed08d6ea-1ad9-48c0-b1d5-b0472e5f42ce', 0, '2025-06-12 00:43:05', '2025-06-12 00:43:05');
INSERT INTO `home_column_list_recipe` VALUES ('3fbae4bc-cf61-4499-b405-87bb6ff431c9', '0c81c7dc-ae6f-45f9-8c08-5bfe3ceaa09a', '628cedf8-56c7-4369-a25b-b6352d49f484', 0, '2025-06-12 00:46:43', '2025-06-12 00:46:43');
INSERT INTO `home_column_list_recipe` VALUES ('5686685a-e276-4b82-9a57-69f24d7d33d6', '2f076788-6904-4330-b104-63f2b7d644e1', '10d280ee-ad83-4f96-a81f-5c2d654feb04', 4, '2025-06-12 00:46:13', '2025-06-12 00:46:16');
INSERT INTO `home_column_list_recipe` VALUES ('5e1886d6-ef6c-4b21-aa14-8acf57ccc1b0', '33e1a8e1-b943-4a5d-b809-dc5463f8a143', '9a7c3fe4-0abe-4e85-8623-bd906a459e6f', 2, '2025-06-12 00:43:49', '2025-06-12 00:44:01');
INSERT INTO `home_column_list_recipe` VALUES ('73cf25b3-38a7-4d58-b20f-06fe46325f60', 'e5fce545-baee-4367-a004-1f0a908a1785', 'ff5a0564-6447-4896-b11d-54704b8f4a96', 4, '2025-06-12 00:49:06', '2025-06-12 00:49:07');
INSERT INTO `home_column_list_recipe` VALUES ('74311180-9684-4a4e-bd09-e66653feb666', '33e1a8e1-b943-4a5d-b809-dc5463f8a143', 'c95703bb-b17e-4441-830b-28f758c0e16e', 1, '2025-06-12 00:43:21', '2025-06-12 00:43:23');
INSERT INTO `home_column_list_recipe` VALUES ('94549ae6-c807-4b64-90f2-1a0afd22c31c', '0c81c7dc-ae6f-45f9-8c08-5bfe3ceaa09a', '80e36825-2dc1-4a68-bedb-2cd28284db90', 2, '2025-06-12 00:47:12', '2025-06-12 00:47:13');
INSERT INTO `home_column_list_recipe` VALUES ('9a69e9d4-8646-4bfb-9024-d29f0e21527e', 'e5fce545-baee-4367-a004-1f0a908a1785', '5ff6ec9b-9813-4787-bbb1-971976ec10c5', 1, '2025-06-12 00:48:20', '2025-06-12 00:48:21');
INSERT INTO `home_column_list_recipe` VALUES ('a4003a3c-1809-4f9d-bc71-31674d5cfb4d', 'e5fce545-baee-4367-a004-1f0a908a1785', '1da07882-ead5-420e-b865-51e139db4305', 3, '2025-06-12 00:48:52', '2025-06-12 00:48:55');
INSERT INTO `home_column_list_recipe` VALUES ('a4b83215-47b0-47fb-9cae-370a46d61342', '2f076788-6904-4330-b104-63f2b7d644e1', '0cea17a5-9a6c-4ec8-ae47-51e07b870d6e', 1, '2025-06-12 00:45:21', '2025-06-12 00:45:27');
INSERT INTO `home_column_list_recipe` VALUES ('ae5c41b2-6651-4e7e-b84b-c8489d233682', '2f076788-6904-4330-b104-63f2b7d644e1', 'c755dd39-7db0-4917-9b2c-a45fe107b5ad', 3, '2025-06-12 00:45:58', '2025-06-12 00:46:00');
INSERT INTO `home_column_list_recipe` VALUES ('c5ddb371-7aac-4cc3-a679-7e9194ffba06', '0c81c7dc-ae6f-45f9-8c08-5bfe3ceaa09a', '897414eb-2ce4-44cf-b137-b5a203deef3d', 3, '2025-06-12 00:47:24', '2025-06-12 00:47:27');
INSERT INTO `home_column_list_recipe` VALUES ('f43c0215-5738-4f8c-a330-ede68ecacccc', '0c81c7dc-ae6f-45f9-8c08-5bfe3ceaa09a', '2f81397a-3cd1-489e-bea4-a1331ce7803a', 1, '2025-06-12 00:46:58', '2025-06-12 00:46:59');
COMMIT;

-- ----------------------------
-- Table structure for home_column_list_today_hot_search
-- ----------------------------
DROP TABLE IF EXISTS `home_column_list_today_hot_search`;
CREATE TABLE `home_column_list_today_hot_search` (
  `id` varchar(80) COLLATE utf32_bin NOT NULL,
  `keyword` varchar(80) COLLATE utf32_bin NOT NULL COMMENT '关键词',
  `super_hot` tinyint(1) NOT NULL DEFAULT '0' COMMENT '超级热搜 1：是 0:否',
  `sort_no` int DEFAULT '0' COMMENT '排序值',
  `create_time` datetime NOT NULL COMMENT '创建时间',
  `update_time` datetime NOT NULL COMMENT '更新时间',
  PRIMARY KEY (`id`)
) ENGINE=InnoDB DEFAULT CHARSET=utf32 COLLATE=utf32_bin;

-- ----------------------------
-- Records of home_column_list_today_hot_search
-- ----------------------------
BEGIN;
INSERT INTO `home_column_list_today_hot_search` VALUES ('28ba42de-3072-43ea-9d96-9d0584340640', '早餐', 1, 0, '2025-04-08 00:30:00', '2025-04-08 00:31:08');
INSERT INTO `home_column_list_today_hot_search` VALUES ('548b6112-7cd4-434d-a305-f84c825fb6bb', '可乐鸡翅', 0, 8, '2025-04-08 00:32:55', '2025-04-08 00:32:55');
INSERT INTO `home_column_list_today_hot_search` VALUES ('6ee91f57-75e1-4195-8c61-6c6f028941cb', '酸菜鱼', 0, 7, '2025-04-08 00:32:47', '2025-04-08 00:32:47');
INSERT INTO `home_column_list_today_hot_search` VALUES ('7d8914c2-9594-40c7-85f3-146e126a2260', '牛肉', 0, 4, '2025-04-08 00:32:22', '2025-04-08 00:32:22');
INSERT INTO `home_column_list_today_hot_search` VALUES ('80e311b3-d911-4b31-8d9b-bc6a087519a5', '宫保鸡丁', 0, 6, '2025-04-08 00:32:39', '2025-04-08 00:32:39');
INSERT INTO `home_column_list_today_hot_search` VALUES ('cb4543b0-facc-4cc4-9053-6f67620da2f1', '红烧肉', 0, 3, '2025-04-08 00:32:16', '2025-04-08 00:32:16');
INSERT INTO `home_column_list_today_hot_search` VALUES ('dcd7fed3-2eed-4473-82b9-8995b1c5a46a', '家常菜', 1, 2, '2025-04-08 00:32:10', '2025-04-08 00:32:10');
INSERT INTO `home_column_list_today_hot_search` VALUES ('f3dfe970-c744-46e5-aa52-4568950f7b85', '鱼香肉丝', 1, 1, '2025-04-08 00:32:02', '2025-04-08 00:32:02');
INSERT INTO `home_column_list_today_hot_search` VALUES ('f4644d21-4f0b-450b-9fd4-0e2da732330c', '红烧排骨', 0, 5, '2025-04-08 00:32:30', '2025-04-08 00:32:30');
COMMIT;

-- ----------------------------
-- Table structure for home_column_list_today_hot_video_recipe
-- ----------------------------
DROP TABLE IF EXISTS `home_column_list_today_hot_video_recipe`;
CREATE TABLE `home_column_list_today_hot_video_recipe` (
  `id` varchar(80) COLLATE utf32_bin NOT NULL COMMENT '主键id',
  `recipe_id` varchar(80) COLLATE utf32_bin NOT NULL COMMENT '菜谱id',
  `sort_no` int DEFAULT NULL COMMENT '排序值',
  `create_time` datetime NOT NULL COMMENT '创建时间',
  `update_time` datetime NOT NULL COMMENT '更新时间',
  PRIMARY KEY (`id`)
) ENGINE=InnoDB DEFAULT CHARSET=utf32 COLLATE=utf32_bin COMMENT='今日热门视频菜谱';

-- ----------------------------
-- Table structure for home_column_list_today_three_meals
-- ----------------------------
DROP TABLE IF EXISTS `home_column_list_today_three_meals`;
CREATE TABLE `home_column_list_today_three_meals` (
  `id` varchar(80) COLLATE utf32_bin NOT NULL COMMENT '主键id',
  `recipe_id` varchar(80) COLLATE utf32_bin NOT NULL COMMENT '菜谱id',
  `type` varchar(20) CHARACTER SET utf32 COLLATE utf32_bin NOT NULL COMMENT '三餐类型 breakfast：早餐 lunch：午餐 afternoonTea：下午茶 dinner：晚餐 nightSnack：夜宵',
  `sort_no` int NOT NULL COMMENT '排序值',
  `create_time` datetime NOT NULL COMMENT '创建时间',
  `update_time` datetime NOT NULL COMMENT '更新时间',
  PRIMARY KEY (`id`)
) ENGINE=InnoDB DEFAULT CHARSET=utf32 COLLATE=utf32_bin;

-- ----------------------------
-- Records of home_column_list_today_three_meals
-- ----------------------------
BEGIN;
INSERT INTO `home_column_list_today_three_meals` VALUES ('0a392ab2-b9c0-4e8d-ac92-51426e26427f', 'a3003d22-7660-44f6-993b-03313076268b', 'dinner', 2, '2025-04-20 23:05:56', '2025-04-20 23:05:58');
INSERT INTO `home_column_list_today_three_meals` VALUES ('137246e3-9005-4fad-af0d-8f8b4a47ba54', 'ba067802-84df-481d-b3d1-f831e4ce0f51', 'dinner', 1, '2025-04-20 23:05:23', '2025-04-20 23:05:25');
INSERT INTO `home_column_list_today_three_meals` VALUES ('28ea76a7-6a18-456b-a434-6bee0916a27e', 'ef9961c6-ab54-4605-915e-1b3650077ac5', 'breakfast', 0, '2025-04-20 22:52:36', '2025-04-20 22:52:36');
INSERT INTO `home_column_list_today_three_meals` VALUES ('333d70ab-a5c8-41f6-b311-f54c28c87d6f', '318e9304-beae-46c2-8b10-16ba5b4059e0', 'nightSnack', 2, '2025-04-20 23:07:23', '2025-04-20 23:07:25');
INSERT INTO `home_column_list_today_three_meals` VALUES ('40f62add-f402-47c0-81b8-8abbf9a48a25', 'a502c2fc-20f6-40b9-b2d9-a056da783dca', 'breakfast', 2, '2025-04-20 22:53:12', '2025-04-20 22:54:08');
INSERT INTO `home_column_list_today_three_meals` VALUES ('4ee444c9-c6bf-47d4-aa1c-6d5d3719e7b6', 'ebc54936-abe7-432e-aa7f-80522f46cf02', 'dinner', 0, '2025-04-20 23:05:13', '2025-04-20 23:05:13');
INSERT INTO `home_column_list_today_three_meals` VALUES ('52a497c7-2d60-4d10-bce1-28edef60b618', '468911e0-9788-49e1-b8cd-d6f1c05c407f', 'nightSnack', 0, '2025-04-20 23:06:22', '2025-04-20 23:06:22');
INSERT INTO `home_column_list_today_three_meals` VALUES ('58b36fab-a3fb-4aad-bab5-a7d7096012f2', '92483c8f-9c61-44c9-808c-46ecccb2d675', 'afternoonTea', 2, '2025-04-20 23:03:29', '2025-04-20 23:05:29');
INSERT INTO `home_column_list_today_three_meals` VALUES ('82ab5bf4-47f1-44ee-bca1-dd9a708dac63', '6068a3bd-2f43-4485-91f5-4873fcc4d826', 'lunch', 0, '2025-04-20 22:54:03', '2025-04-20 22:54:03');
INSERT INTO `home_column_list_today_three_meals` VALUES ('839b0099-d793-4426-9b47-0ffb1924e56b', '432d2522-44da-408e-9902-10af55b3111a', 'lunch', 1, '2025-04-20 22:54:28', '2025-04-20 22:54:40');
INSERT INTO `home_column_list_today_three_meals` VALUES ('a794107e-174b-43a2-a72e-ede0c6d0b968', '154c03f9-49e6-40fc-8a8b-19d70fe6540b', 'afternoonTea', 0, '2025-04-20 23:02:52', '2025-04-20 23:02:52');
INSERT INTO `home_column_list_today_three_meals` VALUES ('b3ebf31d-75e2-491f-bd43-16977bc8e4de', 'd881d3fa-a977-428f-a240-5dbc2651004d', 'nightSnack', 1, '2025-04-20 23:06:52', '2025-04-20 23:06:53');
INSERT INTO `home_column_list_today_three_meals` VALUES ('bcdb5d26-6cfd-4da5-be13-226a55b998ac', '432ff9d8-f9a5-44c9-9cb9-ce32339df939', 'afternoonTea', 1, '2025-04-20 23:03:10', '2025-04-20 23:05:28');
INSERT INTO `home_column_list_today_three_meals` VALUES ('daab7f1d-7707-4711-b987-37806e804bc7', 'ce4a5ba4-c849-4e81-8271-d6fd7763b495', 'lunch', 2, '2025-04-20 22:54:38', '2025-04-20 22:54:40');
INSERT INTO `home_column_list_today_three_meals` VALUES ('f4c1465c-36d9-434e-9cb5-93ccbb95ddbb', 'ea94f86d-ce5b-4895-a1b1-54b918d1e490', 'breakfast', 1, '2025-04-20 22:52:58', '2025-04-20 22:54:07');
COMMIT;

-- ----------------------------
-- Table structure for home_recommend_column_list
-- ----------------------------
DROP TABLE IF EXISTS `home_recommend_column_list`;
CREATE TABLE `home_recommend_column_list` (
  `id` int NOT NULL AUTO_INCREMENT,
  `column_title` varchar(255) CHARACTER SET utf8mb3 COLLATE utf8mb3_bin NOT NULL,
  `show_recipe_count` int NOT NULL,
  `sort` int NOT NULL,
  `recipe_list_str` varchar(1000) CHARACTER SET utf8mb3 COLLATE utf8mb3_bin NOT NULL COMMENT '菜谱id,排序值;菜谱id,排序值;菜谱id,排序值;',
  `create_time` datetime NOT NULL,
  `update_time` datetime NOT NULL,
  PRIMARY KEY (`id`) USING BTREE
) ENGINE=InnoDB AUTO_INCREMENT=5 DEFAULT CHARSET=utf8mb3 COLLATE=utf8mb3_bin ROW_FORMAT=DYNAMIC;

-- ----------------------------
-- Records of home_recommend_column_list
-- ----------------------------
BEGIN;
INSERT INTO `home_recommend_column_list` VALUES (1, '时令菜肴', 5, 0, 'ed08d6ea-1ad9-48c0-b1d5-b0472e5f42ce,0;c95703bb-b17e-4441-830b-28f758c0e16e,1;9a7c3fe4-0abe-4e85-8623-bd906a459e6f,2;d812d7df-15bf-4a22-82e1-6535d2e0e24a,3;5e160fe5-5f5d-478f-9be7-1ff047e7a813,4;', '2021-09-17 13:54:30', '2021-09-17 13:54:30');
INSERT INTO `home_recommend_column_list` VALUES (2, '肉食精选', 5, 1, 'aeb3e08b-9325-44a2-b90d-a5fd8338dda5,0;0cea17a5-9a6c-4ec8-ae47-51e07b870d6e,1;f038922d-0fd4-4c08-8c08-10903b2b741b,2;c755dd39-7db0-4917-9b2c-a45fe107b5ad,3;10d280ee-ad83-4f96-a81f-5c2d654feb04,4;', '2021-09-17 13:56:29', '2021-09-17 13:56:29');
INSERT INTO `home_recommend_column_list` VALUES (3, '健康素食', 5, 2, '628cedf8-56c7-4369-a25b-b6352d49f484,0;2f81397a-3cd1-489e-bea4-a1331ce7803a,1;80e36825-2dc1-4a68-bedb-2cd28284db90,2;897414eb-2ce4-44cf-b137-b5a203deef3d,3;3c6e8e2a-ea6c-4eb9-bfd9-d08d7ba4e658,4;', '2021-09-17 13:58:23', '2021-09-17 13:58:23');
INSERT INTO `home_recommend_column_list` VALUES (4, '烘焙', 5, 3, 'a53c66db-98f8-4bf3-abf9-baa282562b3c,0;5ff6ec9b-9813-4787-bbb1-971976ec10c5,1;9a8ca8a3-a896-478f-8a6f-b3df8b783754,2;1da07882-ead5-420e-b865-51e139db4305,3;ff5a0564-6447-4896-b11d-54704b8f4a96,4;', '2021-09-17 14:00:21', '2021-09-17 14:00:21');
COMMIT;

-- ----------------------------
-- Table structure for hot_today_search_list
-- ----------------------------
DROP TABLE IF EXISTS `hot_today_search_list`;
CREATE TABLE `hot_today_search_list` (
  `id` int NOT NULL AUTO_INCREMENT,
  `label` varchar(255) CHARACTER SET utf8mb3 COLLATE utf8mb3_bin DEFAULT NULL,
  `isHot` tinyint(1) DEFAULT NULL,
  PRIMARY KEY (`id`) USING BTREE
) ENGINE=InnoDB AUTO_INCREMENT=10 DEFAULT CHARSET=utf8mb3 COLLATE=utf8mb3_bin ROW_FORMAT=DYNAMIC;

-- ----------------------------
-- Records of hot_today_search_list
-- ----------------------------
BEGIN;
INSERT INTO `hot_today_search_list` VALUES (1, '早餐', 1);
INSERT INTO `hot_today_search_list` VALUES (2, '鱼香肉丝', 1);
INSERT INTO `hot_today_search_list` VALUES (3, '家常菜', 1);
INSERT INTO `hot_today_search_list` VALUES (4, '红烧肉', 0);
INSERT INTO `hot_today_search_list` VALUES (5, '牛肉', 0);
INSERT INTO `hot_today_search_list` VALUES (6, '红烧排骨', 0);
INSERT INTO `hot_today_search_list` VALUES (7, '宫保鸡丁', 0);
INSERT INTO `hot_today_search_list` VALUES (8, '酸菜鱼', 0);
INSERT INTO `hot_today_search_list` VALUES (9, '可乐鸡翅', 0);
COMMIT;

-- ----------------------------
-- Table structure for hot_today_video_list
-- ----------------------------
DROP TABLE IF EXISTS `hot_today_video_list`;
CREATE TABLE `hot_today_video_list` (
  `id` int NOT NULL AUTO_INCREMENT,
  `title` varchar(255) CHARACTER SET utf8mb3 COLLATE utf8mb3_bin DEFAULT NULL,
  `username` varchar(255) CHARACTER SET utf8mb3 COLLATE utf8mb3_bin DEFAULT NULL,
  `userAvatar` varchar(255) CHARACTER SET utf8mb3 COLLATE utf8mb3_bin DEFAULT NULL,
  `linkUrl` varchar(255) CHARACTER SET utf8mb3 COLLATE utf8mb3_bin DEFAULT NULL,
  `coverUrl` varchar(255) CHARACTER SET utf8mb3 COLLATE utf8mb3_bin DEFAULT NULL,
  `videoUrl` varchar(255) CHARACTER SET utf8mb3 COLLATE utf8mb3_bin DEFAULT NULL,
  PRIMARY KEY (`id`) USING BTREE
) ENGINE=InnoDB AUTO_INCREMENT=5 DEFAULT CHARSET=utf8mb3 COLLATE=utf8mb3_bin ROW_FORMAT=DYNAMIC;

-- ----------------------------
-- Records of hot_today_video_list
-- ----------------------------
BEGIN;
INSERT INTO `hot_today_video_list` VALUES (1, '葱油拌面', '菜菜美食日记', 'https://meishijie210906.oss-cn-shenzhen.aliyuncs.com/hotTodayVideo/avatar_菜菜美食日记.jpg?versionId=CAEQKhiBgMDaodLd3RciIGMxNTY3N2JkNTU1NzQwOTc5ZjI3NjMxYjM5MDU2MGRl', 'https://i.meishi.cc/daren_task/article_detail.php?id=131036', 'https://meishijie210906.oss-cn-shenzhen.aliyuncs.com/hotTodayVideo/葱油拌面.jpg?versionId=CAEQKhiBgICugsTd3RciIGMzY2Q3YzQwZDM2NzQzYWQ4N2NmMDFkYjI4ZmZhMzQ2', 'https://meishijie210906.oss-cn-shenzhen.aliyuncs.com/hotTodayVideo/video_葱油拌面.mp4?versionId=CAEQKhiBgICUwZHe3RciIDFhNjIyYjg4ZWZmMjRjNTVhNWNiMjU5YWFkOWJjODky');
INSERT INTO `hot_today_video_list` VALUES (2, '凉拌藕片', '馋哭姐', 'https://meishijie210906.oss-cn-shenzhen.aliyuncs.com/hotTodayVideo/avatar_馋哭姐.jpg?versionId=CAEQKhiBgIDYodLd3RciIDA4MTFhNzk3ZDc3ODRhMzk4MDE5NTcxMjFhM2U2MjI0', 'https://i.meishi.cc/daren_task/article_detail.php?id=90617', 'https://meishijie210906.oss-cn-shenzhen.aliyuncs.com/hotTodayVideo/凉拌藕片.jpg?versionId=CAEQKhiBgIDsgcTd3RciIDdkZTk2MzJkODI4ODRhNjc5YzY0YjQ0NDRmNTIxYjhh', 'https://meishijie210906.oss-cn-shenzhen.aliyuncs.com/hotTodayVideo/video_凉拌藕片.mp4?versionId=CAEQKhiBgICpv5He3RciIGRkN2NhYTFmODI0ODQxZjZhZDdkNzc2MWNiZTVjMDJk');
INSERT INTO `hot_today_video_list` VALUES (3, '瘦身冬瓜汤', '舌里美食记', 'https://meishijie210906.oss-cn-shenzhen.aliyuncs.com/hotTodayVideo/avatar_舌里美食记.jpg?versionId=CAEQKhiBgMDKodLd3RciIGVlOTQxNjFmODY1MjRiZGE5NjMwNWUzMmVjYjBkNWU4', 'https://i.meishi.cc/daren_task/article_detail.php?id=146633', 'https://meishijie210906.oss-cn-shenzhen.aliyuncs.com/hotTodayVideo/瘦身冬瓜汤.jpg?versionId=CAEQKhiBgMDXgcTd3RciIDM1MjBlM2ZlMWVlZTRjMWU4ODEyMDk2M2UwN2U3MDE2', 'https://meishijie210906.oss-cn-shenzhen.aliyuncs.com/hotTodayVideo/video_瘦身冬瓜汤.mp4?versionId=CAEQKhiBgMDbv5He3RciIDE2NmNmNmU3YzFiZTQ3MWU4OGU5OTRhZmY0ZjQxMGI0');
INSERT INTO `hot_today_video_list` VALUES (4, '茄子豆角', '新东方小食神', 'https://meishijie210906.oss-cn-shenzhen.aliyuncs.com/hotTodayVideo/avatar_新东方小食神.jpg?versionId=CAEQKhiBgIDDodLd3RciIGYxNzFkZGU1M2IzNDRhNjA4MTgyZGUzMDc1YTFjMWI3', 'https://www.meishij.net/zuofa/qiezidoujiao_15.html', 'https://meishijie210906.oss-cn-shenzhen.aliyuncs.com/hotTodayVideo/茄子豆角.jpg?versionId=CAEQKhiBgMD.gcTd3RciIDE3ZDQzMWEwNDg2ZTQyZDVhZTY0NDZiYzk5NWEwMTc2', 'https://meishijie210906.oss-cn-shenzhen.aliyuncs.com/hotTodayVideo/video_茄子豆角.mp4?versionId=CAEQKhiBgMDTwJHe3RciIGE3NDc2OGJhYTNiNDQ1ZDQ5YjExNTYyYjhjZjY3ZTQ4');
COMMIT;

-- ----------------------------
-- Table structure for recipe_list
-- ----------------------------
DROP TABLE IF EXISTS `recipe_list`;
CREATE TABLE `recipe_list` (
  `id` varchar(255) CHARACTER SET utf8mb3 COLLATE utf8mb3_bin NOT NULL,
  `is_video` tinyint unsigned NOT NULL COMMENT '是否是视频菜谱 1 => 是 0 => 否',
  `cover_url` varchar(300) CHARACTER SET utf8mb3 COLLATE utf8mb3_bin NOT NULL COMMENT '菜谱封面地址',
  `video_url` varchar(1500) CHARACTER SET utf8mb3 COLLATE utf8mb3_bin DEFAULT NULL COMMENT '菜谱视频地址',
  `recipe_name` varchar(255) CHARACTER SET utf8mb3 COLLATE utf8mb3_bin NOT NULL COMMENT '菜谱名称',
  `fav_count` int NOT NULL COMMENT '收藏数',
  `brower_count` int NOT NULL COMMENT '浏览数',
  `simple_introduction_technology` varchar(6) CHARACTER SET utf8mb3 COLLATE utf8mb3_bin NOT NULL COMMENT '工艺',
  `simple_introduction_taste` varchar(6) CHARACTER SET utf8mb3 COLLATE utf8mb3_bin NOT NULL COMMENT '口味',
  `simple_introduction_time` varchar(6) CHARACTER SET utf8mb3 COLLATE utf8mb3_bin NOT NULL COMMENT '时间',
  `simple_introduction_difficulty` varchar(6) CHARACTER SET utf8mb3 COLLATE utf8mb3_bin NOT NULL COMMENT '难度',
  `recipe_qrcode` varchar(255) CHARACTER SET utf8mb3 COLLATE utf8mb3_bin NOT NULL COMMENT '菜谱二维码',
  `main_ingredients_str` varchar(255) CHARACTER SET utf8mb3 COLLATE utf8mb3_bin NOT NULL COMMENT '主料',
  `sub_ingredients_str` varchar(255) CHARACTER SET utf8mb3 COLLATE utf8mb3_bin NOT NULL COMMENT '辅料',
  `people_count` int NOT NULL COMMENT '人份 例：3人份',
  `author_id` varchar(255) CHARACTER SET utf8mb3 COLLATE utf8mb3_bin NOT NULL COMMENT '作者用户id',
  `author_words` varchar(1000) CHARACTER SET utf8mb3 COLLATE utf8mb3_bin NOT NULL,
  `finish_food_imgs_str` varchar(1000) CHARACTER SET utf8mb3 COLLATE utf8mb3_bin NOT NULL,
  `steps_str` varchar(5000) CHARACTER SET utf8mb3 COLLATE utf8mb3_bin NOT NULL COMMENT '菜谱步骤：格式 =>  步骤图片,步骤内容;步骤图片,步骤内容;',
  `recipe_tips` varchar(255) CHARACTER SET utf8mb3 COLLATE utf8mb3_bin DEFAULT NULL,
  `origin_web_link` varchar(255) CHARACTER SET utf8mb3 COLLATE utf8mb3_bin DEFAULT NULL COMMENT '美食杰官方对应的链接',
  `publish` tinyint NOT NULL DEFAULT '0' COMMENT '发布状态 1:已发布 0:未发布',
  `create_time` datetime NOT NULL,
  `update_time` datetime NOT NULL,
  PRIMARY KEY (`id`) USING BTREE
) ENGINE=InnoDB DEFAULT CHARSET=utf8mb3 COLLATE=utf8mb3_bin ROW_FORMAT=DYNAMIC;

-- ----------------------------
-- Records of recipe_list
-- ----------------------------
BEGIN;
INSERT INTO `recipe_list` VALUES ('0cea17a5-9a6c-4ec8-ae47-51e07b870d6e', 0, 'https://ggh-meishijie.oss-cn-shenzhen.aliyuncs.com/recipe/%E9%BB%84%E9%87%91%E5%A5%A5%E5%B0%94%E8%89%AF%E9%B8%A1%E8%82%89%E6%8A%AB%E8%90%A8/cover.jpg', NULL, '黄金奥尔良鸡肉披萨', 6, 12403, '烤', '家常味', '15分钟', '初级入门', 'https://www.meishij.net/ajax/qrcode_wap.php?i=1642282', '高筋面粉:50克;低筋面粉:30克;玉米面:20克;细砂糖:5克;盐:1/4小勺;酵母:1克;牛奶:55克;橄榄油:5克;鸡胸肉:100克;', '水:7克;玉米粒:适量;洋葱:1/2个;尖椒:1小块;小红辣椒:3个;番茄酱:1个勺;马苏里拉奶酪:50克;披萨草:少许;奥尔良烤肉料:7克;', 3, 'f08bb911-9f19-c2ed-8b4e-db3df9e9f885', '黄金奥尔良鸡肉披萨,朋友聚会必备!\\(≧▽≦)/', 'https://ggh-meishijie.oss-cn-shenzhen.aliyuncs.com/recipe/%E9%BB%84%E9%87%91%E5%A5%A5%E5%B0%94%E8%89%AF%E9%B8%A1%E8%82%89%E6%8A%AB%E8%90%A8/finish1.jpg;https://ggh-meishijie.oss-cn-shenzhen.aliyuncs.com/recipe/%E9%BB%84%E9%87%91%E5%A5%A5%E5%B0%94%E8%89%AF%E9%B8%A1%E8%82%89%E6%8A%AB%E8%90%A8/finish2.jpg;https://ggh-meishijie.oss-cn-shenzhen.aliyuncs.com/recipe/%E9%BB%84%E9%87%91%E5%A5%A5%E5%B0%94%E8%89%AF%E9%B8%A1%E8%82%89%E6%8A%AB%E8%90%A8/finish3.jpg;https://ggh-meishijie.oss-cn-shenzhen.aliyuncs.com/recipe/%E9%BB%84%E9%87%91%E5%A5%A5%E5%B0%94%E8%89%AF%E9%B8%A1%E8%82%89%E6%8A%AB%E8%90%A8/finish4.jpg;', 'https://ggh-meishijie.oss-cn-shenzhen.aliyuncs.com/recipe/%E9%BB%84%E9%87%91%E5%A5%A5%E5%B0%94%E8%89%AF%E9%B8%A1%E8%82%89%E6%8A%AB%E8%90%A8/step1.jpg,鸡胸肉切丁，奥尔良烤肉料用水调匀，腌制3小时以上;https://ggh-meishijie.oss-cn-shenzhen.aliyuncs.com/recipe/%E9%BB%84%E9%87%91%E5%A5%A5%E5%B0%94%E8%89%AF%E9%B8%A1%E8%82%89%E6%8A%AB%E8%90%A8/step2.jpg,把除橄榄油外的所有饼底材料依次放入面包机，静置10分钟，启动和面程序20分钟，加入橄榄油，再次启动和面程序10分钟，面团到扩展阶段，放入容器，盖上潮湿的纱布，放置温暖处进行基础发酵;https://ggh-meishijie.oss-cn-shenzhen.aliyuncs.com/recipe/%E9%BB%84%E9%87%91%E5%A5%A5%E5%B0%94%E8%89%AF%E9%B8%A1%E8%82%89%E6%8A%AB%E8%90%A8/step3.jpg,待面团发酵至2.5倍大时取出，重新排气、滚圆，擀成圆饼形，直径大于披萨盘2厘米，盖上纱布，放入冰箱冷藏半小时定型;https://ggh-meishijie.oss-cn-shenzhen.aliyuncs.com/recipe/%E9%BB%84%E9%87%91%E5%A5%A5%E5%B0%94%E8%89%AF%E9%B8%A1%E8%82%89%E6%8A%AB%E8%90%A8/step4.jpg,取出定型后的饼皮，放入已抹油的披萨盘，用叉子在饼皮上扎一些小孔;https://ggh-meishijie.oss-cn-shenzhen.aliyuncs.com/recipe/%E9%BB%84%E9%87%91%E5%A5%A5%E5%B0%94%E8%89%AF%E9%B8%A1%E8%82%89%E6%8A%AB%E8%90%A8/step5.jpg,在饼皮上涂一层番茄酱，边缘留出1厘米的宽度，均匀撒1/3奶酪丝;https://ggh-meishijie.oss-cn-shenzhen.aliyuncs.com/recipe/%E9%BB%84%E9%87%91%E5%A5%A5%E5%B0%94%E8%89%AF%E9%B8%A1%E8%82%89%E6%8A%AB%E8%90%A8/step6.jpg,放上洋葱圈;https://ggh-meishijie.oss-cn-shenzhen.aliyuncs.com/recipe/%E9%BB%84%E9%87%91%E5%A5%A5%E5%B0%94%E8%89%AF%E9%B8%A1%E8%82%89%E6%8A%AB%E8%90%A8/step7.jpg,将腌制好的鸡肉丁放入洋葱圈，周围铺上玉米粒、尖椒丁和小红辣椒;https://ggh-meishijie.oss-cn-shenzhen.aliyuncs.com/recipe/%E9%BB%84%E9%87%91%E5%A5%A5%E5%B0%94%E8%89%AF%E9%B8%A1%E8%82%89%E6%8A%AB%E8%90%A8/step8.jpg,撒上剩余的奶酪丝，再撒少许披萨草，烤箱200度预热，上下火烤15分左右;', '1. 饼皮冷藏定性，可以防止回缩。\n2. 饼皮放入披萨盘，要将边缘贴紧，以免烘烤时爆裂。\n3. 铺材料之前，将饼坯扎一些小孔，可以防止受热时饼坯膨胀。\n4. 如果喜欢奶酪拉丝的效果，可以增大马苏里拉奶酪的用量。', 'https://www.meishij.net/zuofa/huangjinaoerliangjiroupisa.html', 1, '2021-09-17 13:54:59', '2025-06-07 17:03:28');
INSERT INTO `recipe_list` VALUES ('10d280ee-ad83-4f96-a81f-5c2d654feb04', 0, 'https://ggh-meishijie.oss-cn-shenzhen.aliyuncs.com/recipe/%E7%81%8C%E6%B1%A4%E8%9F%B9%E9%BB%84%E5%B0%8F%E7%AC%BC%E5%8C%85/cover.jpg', NULL, '灌汤蟹黄小笼包', 7, 6875, '蒸', '家常味', '30分钟', '初中水平', 'https://www.meishij.net/ajax/qrcode_wap.php?i=1615383', '猪肉馅:250克;蟹黄:100克;猪油:60克;鸡蛋:1个;酱油:1汤匙;食盐:1茶匙;白糖:少许;料酒:1汤匙;葱:1段;姜:1块;', '饺子粉:200克;水:90克;食盐:1茶匙;', 3, 'c0077edf-38fa-d8b3-dd58-44bc82624b0a', '~打开蒸笼,烟雾缭绕,小笼包晶莹剔透的,夹起来透明的皮中汤汁呼之欲出.浓郁蟹黄加上甜美汤汁,流出来的一瞬间,那一刻的心情无法言语。', 'https://ggh-meishijie.oss-cn-shenzhen.aliyuncs.com/recipe/%E7%81%8C%E6%B1%A4%E8%9F%B9%E9%BB%84%E5%B0%8F%E7%AC%BC%E5%8C%85/finish1.jpg;https://ggh-meishijie.oss-cn-shenzhen.aliyuncs.com/recipe/%E7%81%8C%E6%B1%A4%E8%9F%B9%E9%BB%84%E5%B0%8F%E7%AC%BC%E5%8C%85/finish2.jpg;https://ggh-meishijie.oss-cn-shenzhen.aliyuncs.com/recipe/%E7%81%8C%E6%B1%A4%E8%9F%B9%E9%BB%84%E5%B0%8F%E7%AC%BC%E5%8C%85/finish3.jpg;https://ggh-meishijie.oss-cn-shenzhen.aliyuncs.com/recipe/%E7%81%8C%E6%B1%A4%E8%9F%B9%E9%BB%84%E5%B0%8F%E7%AC%BC%E5%8C%85/finish4.jpg;', 'https://ggh-meishijie.oss-cn-shenzhen.aliyuncs.com/recipe/%E7%81%8C%E6%B1%A4%E8%9F%B9%E9%BB%84%E5%B0%8F%E7%AC%BC%E5%8C%85/step1.jpg,大约20个左右;https://ggh-meishijie.oss-cn-shenzhen.aliyuncs.com/recipe/%E7%81%8C%E6%B1%A4%E8%9F%B9%E9%BB%84%E5%B0%8F%E7%AC%BC%E5%8C%85/step2.jpg,将猪油切成小块;https://ggh-meishijie.oss-cn-shenzhen.aliyuncs.com/recipe/%E7%81%8C%E6%B1%A4%E8%9F%B9%E9%BB%84%E5%B0%8F%E7%AC%BC%E5%8C%85/step3.jpg,倒入蟹黄;https://ggh-meishijie.oss-cn-shenzhen.aliyuncs.com/recipe/%E7%81%8C%E6%B1%A4%E8%9F%B9%E9%BB%84%E5%B0%8F%E7%AC%BC%E5%8C%85/step4.jpg,蟹黄出锅，备用;https://ggh-meishijie.oss-cn-shenzhen.aliyuncs.com/recipe/%E7%81%8C%E6%B1%A4%E8%9F%B9%E9%BB%84%E5%B0%8F%E7%AC%BC%E5%8C%85/step5.jpg,灌汤必须的肉皮冻;https://ggh-meishijie.oss-cn-shenzhen.aliyuncs.com/recipe/%E7%81%8C%E6%B1%A4%E8%9F%B9%E9%BB%84%E5%B0%8F%E7%AC%BC%E5%8C%85/step6.jpg,加入水;https://ggh-meishijie.oss-cn-shenzhen.aliyuncs.com/recipe/%E7%81%8C%E6%B1%A4%E8%9F%B9%E9%BB%84%E5%B0%8F%E7%AC%BC%E5%8C%85/step7.jpg,煮开后撇去浮沫;https://ggh-meishijie.oss-cn-shenzhen.aliyuncs.com/recipe/%E7%81%8C%E6%B1%A4%E8%9F%B9%E9%BB%84%E5%B0%8F%E7%AC%BC%E5%8C%85/step8.jpg,熬煮两个小时以上;https://ggh-meishijie.oss-cn-shenzhen.aliyuncs.com/recipe/%E7%81%8C%E6%B1%A4%E8%9F%B9%E9%BB%84%E5%B0%8F%E7%AC%BC%E5%8C%85/step9.jpg,猪皮不要哈;https://ggh-meishijie.oss-cn-shenzhen.aliyuncs.com/recipe/%E7%81%8C%E6%B1%A4%E8%9F%B9%E9%BB%84%E5%B0%8F%E7%AC%BC%E5%8C%85/step10.jpg,等待肉皮冻彻底凝结后;https://ggh-meishijie.oss-cn-shenzhen.aliyuncs.com/recipe/%E7%81%8C%E6%B1%A4%E8%9F%B9%E9%BB%84%E5%B0%8F%E7%AC%BC%E5%8C%85/step11.jpg,切块备用~如果肉皮冻煮得比较多;https://ggh-meishijie.oss-cn-shenzhen.aliyuncs.com/recipe/%E7%81%8C%E6%B1%A4%E8%9F%B9%E9%BB%84%E5%B0%8F%E7%AC%BC%E5%8C%85/step12.jpg,面皮的制作:将包子皮所有材料混合;https://ggh-meishijie.oss-cn-shenzhen.aliyuncs.com/recipe/%E7%81%8C%E6%B1%A4%E8%9F%B9%E9%BB%84%E5%B0%8F%E7%AC%BC%E5%8C%85/step13.jpg,制作肉馅:将肉馅中猪肉馅、鸡蛋、酱油、盐、糖、料酒、大葱、姜所需材料放入盆中搅拌均匀;https://ggh-meishijie.oss-cn-shenzhen.aliyuncs.com/recipe/%E7%81%8C%E6%B1%A4%E8%9F%B9%E9%BB%84%E5%B0%8F%E7%AC%BC%E5%8C%85/step14.jpg,放入之前制作好的蟹黄;https://ggh-meishijie.oss-cn-shenzhen.aliyuncs.com/recipe/%E7%81%8C%E6%B1%A4%E8%9F%B9%E9%BB%84%E5%B0%8F%E7%AC%BC%E5%8C%85/step15.jpg,最后放入肉皮冻切块;https://ggh-meishijie.oss-cn-shenzhen.aliyuncs.com/recipe/%E7%81%8C%E6%B1%A4%E8%9F%B9%E9%BB%84%E5%B0%8F%E7%AC%BC%E5%8C%85/step16.jpg,面团制作好后;https://ggh-meishijie.oss-cn-shenzhen.aliyuncs.com/recipe/%E7%81%8C%E6%B1%A4%E8%9F%B9%E9%BB%84%E5%B0%8F%E7%AC%BC%E5%8C%85/step17.jpg,擀皮;https://ggh-meishijie.oss-cn-shenzhen.aliyuncs.com/recipe/%E7%81%8C%E6%B1%A4%E8%9F%B9%E9%BB%84%E5%B0%8F%E7%AC%BC%E5%8C%85/step18.jpg,放入肉馅;https://ggh-meishijie.oss-cn-shenzhen.aliyuncs.com/recipe/%E7%81%8C%E6%B1%A4%E8%9F%B9%E9%BB%84%E5%B0%8F%E7%AC%BC%E5%8C%85/step19.jpg,转圈儿捏褶儿，亲们老说照片看不到动作;https://ggh-meishijie.oss-cn-shenzhen.aliyuncs.com/recipe/%E7%81%8C%E6%B1%A4%E8%9F%B9%E9%BB%84%E5%B0%8F%E7%AC%BC%E5%8C%85/step20.jpg,最后中间不用封口;https://ggh-meishijie.oss-cn-shenzhen.aliyuncs.com/recipe/%E7%81%8C%E6%B1%A4%E8%9F%B9%E9%BB%84%E5%B0%8F%E7%AC%BC%E5%8C%85/step21.jpg,包好的包子放入笼屉;https://ggh-meishijie.oss-cn-shenzhen.aliyuncs.com/recipe/%E7%81%8C%E6%B1%A4%E8%9F%B9%E9%BB%84%E5%B0%8F%E7%AC%BC%E5%8C%85/step22.jpg,可在收口处点上一点蟹黄作为装饰;https://ggh-meishijie.oss-cn-shenzhen.aliyuncs.com/recipe/%E7%81%8C%E6%B1%A4%E8%9F%B9%E9%BB%84%E5%B0%8F%E7%AC%BC%E5%8C%85/step23.jpg,锅中上气后;https://ggh-meishijie.oss-cn-shenzhen.aliyuncs.com/recipe/%E7%81%8C%E6%B1%A4%E8%9F%B9%E9%BB%84%E5%B0%8F%E7%AC%BC%E5%8C%85/step24.jpg,如果不用蒸笼也可以哈~~~锅中放上屉布;https://ggh-meishijie.oss-cn-shenzhen.aliyuncs.com/recipe/%E7%81%8C%E6%B1%A4%E8%9F%B9%E9%BB%84%E5%B0%8F%E7%AC%BC%E5%8C%85/step25.jpg,刚出锅的小笼包应该是这样的哈;https://ggh-meishijie.oss-cn-shenzhen.aliyuncs.com/recipe/%E7%81%8C%E6%B1%A4%E8%9F%B9%E9%BB%84%E5%B0%8F%E7%AC%BC%E5%8C%85/step26.jpg,小笼包请趁热食用~;', '', 'https://www.meishij.net/zuofa/guantangxiehuangxiaolongbao.html', 1, '2021-09-17 13:55:31', '2025-06-07 17:27:08');
INSERT INTO `recipe_list` VALUES ('1104ebe1-34f0-4452-8ee3-c56290667037', 1, 'http://ggh-meishijie-210918.oss-cn-shenzhen.aliyuncs.com/recipe/images/s5140384_158515138154293.jpg', 'http://ggh-meishijie-210918.oss-cn-shenzhen.aliyuncs.com/recipe/videos/1585151372913.mp4', '荞麦面鱼-视频测试', 8, 7738, '煮', '咸鲜味', '60分钟', '未知', 'http://ggh-meishijie-210918.oss-cn-shenzhen.aliyuncs.com/recipe/images/qrcode_wap.png', '面粉:60克;荞麦面:80克;', '清水:65克;', 3, 'd4e53f58-91ff-caa6-5fc2-2dac424572a3', '荞麦面鱼，用荞麦面做的像小鱼似的面食。做好的荞麦面鱼热炒、凉拌、做汤面都可以，口感劲道，粗粮的营养与香气，就在那一条条‘小鱼’里。', 'http://ggh-meishijie-210918.oss-cn-shenzhen.aliyuncs.com/recipe/images/n5140384_158515139916714.jpg;http://ggh-meishijie-210918.oss-cn-shenzhen.aliyuncs.com/recipe/images/n5140384_158515140216025.jpg;http://ggh-meishijie-210918.oss-cn-shenzhen.aliyuncs.com/recipe/images/n5140384_158515140564949.jpg;http://ggh-meishijie-210918.oss-cn-shenzhen.aliyuncs.com/recipe/images/n5140384_158515140749062.jpg;', 'http://ggh-meishijie-210918.oss-cn-shenzhen.aliyuncs.com/recipe/images/n5140384_158515138343369.jpg,原料：面粉和荞麦面;http://ggh-meishijie-210918.oss-cn-shenzhen.aliyuncs.com/recipe/images/n5140384_158515138532399.jpg,两种面粉混合，加入清水，揉成稍硬一点的面团，放盆中醒10分钟;http://ggh-meishijie-210918.oss-cn-shenzhen.aliyuncs.com/recipe/images/n5140384_158515138701144.jpg,醒好的面团揉成长条;http://ggh-meishijie-210918.oss-cn-shenzhen.aliyuncs.com/recipe/images/n5140384_158515138941204.jpg,用擀面杖擀成0.5厘米厚的面片，再切成长条;http://ggh-meishijie-210918.oss-cn-shenzhen.aliyuncs.com/recipe/images/n5140384_158515139065705.jpg,再切成小块;http://ggh-meishijie-210918.oss-cn-shenzhen.aliyuncs.com/recipe/images/n5140384_158515139214788.jpg,取一小块面团，放在两手的掌心中搓成中间厚两头尖的小鱼状;http://ggh-meishijie-210918.oss-cn-shenzhen.aliyuncs.com/recipe/images/n5140384_158515139483251.jpg,可爱的荞麦面鱼做好啦;http://ggh-meishijie-210918.oss-cn-shenzhen.aliyuncs.com/recipe/images/n5140384_158515139723910.jpg,明日的早餐就是它啦;', '做面鱼的面团，要和得硬一点，做好的面鱼存放时，要撒薄面，以防粘连。荞麦面也可以换成其他的粗粮。', 'https://www.meishij.net/zuofa/qiaomaimianyu.html', 1, '2021-10-07 20:13:50', '2021-10-07 20:28:30');
INSERT INTO `recipe_list` VALUES ('154c03f9-49e6-40fc-8a8b-19d70fe6540b', 0, 'https://ggh-meishijie.oss-cn-shenzhen.aliyuncs.com/recipe/%E7%BA%A2%E7%B3%96%E8%93%9D%E8%8E%93%E7%B3%8D%E7%B2%91/cover.jpg', NULL, '红糖蓝莓糍粑', 5, 19691, '煎', '酸甜味', '5分钟', '初级入门', 'https://www.meishij.net/ajax/qrcode_wap.php?i=1872416', '糯米糍粑:1块;红糖:2块;', '油:5克;蓝莓酱:1汤匙;清水:适量;', 1, '04c25c7f-f8ba-2ffc-7df0-aeda227cdd11', '从小到大，一直很喜欢吃糯米做的小吃，软糯筋道，越嚼越有味道。尤其喜欢吃糯米做的糍粑，随意煎一煎，表面金黄焦脆，里面柔软糯香，咸的，甜的都对胃口。因美食认识了一位远在湖南的美食达人，聊天中得知我喜欢吃糍粑，她竟然亲自上街选了一袋当地的糯米粑粑邮寄给我，看着这包有两种口味的糯米粑粑，而且还是干爽易保存的，这种贴心太让我感动了。\n这种糍粑能做汤，还能蒸熟或烤着吃。食尚用一贯来的做法，把它煎成焦黄色，搭配红糖吃，然后再淋上一点蓝莓酱，酸酸甜甜的，解腻又开胃，每次要吃一大个才觉得过瘾。总之没隔几天，就特别馋它。相信有很多喜欢吃糯米的朋友会和我一样喜爱它的糯香、嚼劲十足的口感。有了它，可以不吃米饭。', 'https://ggh-meishijie.oss-cn-shenzhen.aliyuncs.com/recipe/%E7%BA%A2%E7%B3%96%E8%93%9D%E8%8E%93%E7%B3%8D%E7%B2%91/finish1.jpg;https://ggh-meishijie.oss-cn-shenzhen.aliyuncs.com/recipe/%E7%BA%A2%E7%B3%96%E8%93%9D%E8%8E%93%E7%B3%8D%E7%B2%91/finish2.jpg;https://ggh-meishijie.oss-cn-shenzhen.aliyuncs.com/recipe/%E7%BA%A2%E7%B3%96%E8%93%9D%E8%8E%93%E7%B3%8D%E7%B2%91/finish3.jpg;https://ggh-meishijie.oss-cn-shenzhen.aliyuncs.com/recipe/%E7%BA%A2%E7%B3%96%E8%93%9D%E8%8E%93%E7%B3%8D%E7%B2%91/finish4.jpg;', 'https://ggh-meishijie.oss-cn-shenzhen.aliyuncs.com/recipe/%E7%BA%A2%E7%B3%96%E8%93%9D%E8%8E%93%E7%B3%8D%E7%B2%91/step1.jpg,备好食材；;https://ggh-meishijie.oss-cn-shenzhen.aliyuncs.com/recipe/%E7%BA%A2%E7%B3%96%E8%93%9D%E8%8E%93%E7%B3%8D%E7%B2%91/step2.jpg,烧热锅，倒入少许油，将糯米糍粑煎成两面焦黄色；;https://ggh-meishijie.oss-cn-shenzhen.aliyuncs.com/recipe/%E7%BA%A2%E7%B3%96%E8%93%9D%E8%8E%93%E7%B3%8D%E7%B2%91/step3.jpg,此时加入红糖块；;https://ggh-meishijie.oss-cn-shenzhen.aliyuncs.com/recipe/%E7%BA%A2%E7%B3%96%E8%93%9D%E8%8E%93%E7%B3%8D%E7%B2%91/step4.jpg,倒入小半碗清水；;https://ggh-meishijie.oss-cn-shenzhen.aliyuncs.com/recipe/%E7%BA%A2%E7%B3%96%E8%93%9D%E8%8E%93%E7%B3%8D%E7%B2%91/step5.jpg,遮上锅盖，煎焗2分钟左右；;https://ggh-meishijie.oss-cn-shenzhen.aliyuncs.com/recipe/%E7%BA%A2%E7%B3%96%E8%93%9D%E8%8E%93%E7%B3%8D%E7%B2%91/step6.jpg,煮至红糖溶化，糍粑柔软，铲起装盘，淋上蓝莓酱即可。;https://ggh-meishijie.oss-cn-shenzhen.aliyuncs.com/recipe/%E7%BA%A2%E7%B3%96%E8%93%9D%E8%8E%93%E7%B3%8D%E7%B2%91/step7.jpg,蓝莓酱不是必须品，家里有可以加一勺进去，没有可以省略。红糖或白糖都行。;', '食尚小贴士：\n\n这种煎糍粑做法相对简单，煎制时，火候不能太大，用小火，加入红糖后，要记得加一点清水，让红糖在锅中慢慢融化，渗透到糍粑中，吃起来又香又甜。', 'https://www.meishij.net/zuofa/hongtanglanmeiciba.html', 1, '2021-09-17 13:48:17', '2025-05-28 00:34:32');
INSERT INTO `recipe_list` VALUES ('1da07882-ead5-420e-b865-51e139db4305', 1, 'https://ggh-meishijie.oss-cn-shenzhen.aliyuncs.com/recipe/%E6%95%99%E4%BD%A0%E8%96%AF%E6%9D%A1%E6%9C%80%E7%AE%80%E5%8D%95%E5%81%9A%E6%B3%95%EF%BC%8C%E6%97%A0%E7%9B%90%E5%B0%91%E6%B2%B9%E6%AF%94%E4%B9%B0%E7%9A%84%E6%9B%B4%E5%A5%BD/cover.jpg', 'https://ggh-meishijie.oss-cn-shenzhen.aliyuncs.com/recipe/%E6%95%99%E4%BD%A0%E8%96%AF%E6%9D%A1%E6%9C%80%E7%AE%80%E5%8D%95%E5%81%9A%E6%B3%95%EF%BC%8C%E6%97%A0%E7%9B%90%E5%B0%91%E6%B2%B9%E6%AF%94%E4%B9%B0%E7%9A%84%E6%9B%B4%E5%A5%BD/video.mp4', '教你薯条最简单做法，无盐少油比买的更好', 6, 1462, '炸', '甜味', '30分钟', '初中水平', 'https://www.meishij.net/ajax/qrcode_wap.php?i=1981147', '土豆:1个;', '核桃油:适量;番茄沙司:适量;', 1, '3b7d4e92-a039-bf00-cdf0-90f1f0109636', '孩子爱吃的薯条不用买，教你最简单做法，不油炸比买的更好吃，一个大土豆孩子能吃饱，而且完全可以放心吃，外焦里糯，口感一点都不差，自己做货真价实，物美价廉，吃得健康，顶饱还不胖人。', 'https://ggh-meishijie.oss-cn-shenzhen.aliyuncs.com/recipe/%E6%95%99%E4%BD%A0%E8%96%AF%E6%9D%A1%E6%9C%80%E7%AE%80%E5%8D%95%E5%81%9A%E6%B3%95%EF%BC%8C%E6%97%A0%E7%9B%90%E5%B0%91%E6%B2%B9%E6%AF%94%E4%B9%B0%E7%9A%84%E6%9B%B4%E5%A5%BD/finish1.jpg;https://ggh-meishijie.oss-cn-shenzhen.aliyuncs.com/recipe/%E6%95%99%E4%BD%A0%E8%96%AF%E6%9D%A1%E6%9C%80%E7%AE%80%E5%8D%95%E5%81%9A%E6%B3%95%EF%BC%8C%E6%97%A0%E7%9B%90%E5%B0%91%E6%B2%B9%E6%AF%94%E4%B9%B0%E7%9A%84%E6%9B%B4%E5%A5%BD/finish2.jpg;https://ggh-meishijie.oss-cn-shenzhen.aliyuncs.com/recipe/%E6%95%99%E4%BD%A0%E8%96%AF%E6%9D%A1%E6%9C%80%E7%AE%80%E5%8D%95%E5%81%9A%E6%B3%95%EF%BC%8C%E6%97%A0%E7%9B%90%E5%B0%91%E6%B2%B9%E6%AF%94%E4%B9%B0%E7%9A%84%E6%9B%B4%E5%A5%BD/finish3.jpg;https://ggh-meishijie.oss-cn-shenzhen.aliyuncs.com/recipe/%E6%95%99%E4%BD%A0%E8%96%AF%E6%9D%A1%E6%9C%80%E7%AE%80%E5%8D%95%E5%81%9A%E6%B3%95%EF%BC%8C%E6%97%A0%E7%9B%90%E5%B0%91%E6%B2%B9%E6%AF%94%E4%B9%B0%E7%9A%84%E6%9B%B4%E5%A5%BD/finish4.jpg;', 'https://ggh-meishijie.oss-cn-shenzhen.aliyuncs.com/recipe/%E6%95%99%E4%BD%A0%E8%96%AF%E6%9D%A1%E6%9C%80%E7%AE%80%E5%8D%95%E5%81%9A%E6%B3%95%EF%BC%8C%E6%97%A0%E7%9B%90%E5%B0%91%E6%B2%B9%E6%AF%94%E4%B9%B0%E7%9A%84%E6%9B%B4%E5%A5%BD/step1.jpg,薯条是孩子们的最爱，三天两头点名要吃，在家自己做非常方便，选大个的土豆，一个就够吃，烤一炉刚刚好，土豆去皮洗净。;https://ggh-meishijie.oss-cn-shenzhen.aliyuncs.com/recipe/%E6%95%99%E4%BD%A0%E8%96%AF%E6%9D%A1%E6%9C%80%E7%AE%80%E5%8D%95%E5%81%9A%E6%B3%95%EF%BC%8C%E6%97%A0%E7%9B%90%E5%B0%91%E6%B2%B9%E6%AF%94%E4%B9%B0%E7%9A%84%E6%9B%B4%E5%A5%BD/step2.jpg,洗干净的土豆切条，宽度和厚度大约在1厘米左右，不要太细，否则口感不好。;https://ggh-meishijie.oss-cn-shenzhen.aliyuncs.com/recipe/%E6%95%99%E4%BD%A0%E8%96%AF%E6%9D%A1%E6%9C%80%E7%AE%80%E5%8D%95%E5%81%9A%E6%B3%95%EF%BC%8C%E6%97%A0%E7%9B%90%E5%B0%91%E6%B2%B9%E6%AF%94%E4%B9%B0%E7%9A%84%E6%9B%B4%E5%A5%BD/step3.jpg,切好的土豆条入冷水中浸泡10分钟左右，泡出表面的淀粉，然后再清洗两遍。;https://ggh-meishijie.oss-cn-shenzhen.aliyuncs.com/recipe/%E6%95%99%E4%BD%A0%E8%96%AF%E6%9D%A1%E6%9C%80%E7%AE%80%E5%8D%95%E5%81%9A%E6%B3%95%EF%BC%8C%E6%97%A0%E7%9B%90%E5%B0%91%E6%B2%B9%E6%AF%94%E4%B9%B0%E7%9A%84%E6%9B%B4%E5%A5%BD/step4.jpg,捞出控净水分，或者用厨房纸吸干水分。空气炸锅烤蓝铺上锡纸，也可以用烤盘，不用锡纸，不过还是用锡纸比较好清洗。铺好锡纸，码入薯条，空气炸烤箱启动电源，选择空气炸功能，190度炸20分钟。;https://ggh-meishijie.oss-cn-shenzhen.aliyuncs.com/recipe/%E6%95%99%E4%BD%A0%E8%96%AF%E6%9D%A1%E6%9C%80%E7%AE%80%E5%8D%95%E5%81%9A%E6%B3%95%EF%BC%8C%E6%97%A0%E7%9B%90%E5%B0%91%E6%B2%B9%E6%AF%94%E4%B9%B0%E7%9A%84%E6%9B%B4%E5%A5%BD/step5.jpg,大约七八分钟的时候取出来，薯条表面上薄薄地刷层油，我用的是核桃油，没有什么油都可以。;https://ggh-meishijie.oss-cn-shenzhen.aliyuncs.com/recipe/%E6%95%99%E4%BD%A0%E8%96%AF%E6%9D%A1%E6%9C%80%E7%AE%80%E5%8D%95%E5%81%9A%E6%B3%95%EF%BC%8C%E6%97%A0%E7%9B%90%E5%B0%91%E6%B2%B9%E6%AF%94%E4%B9%B0%E7%9A%84%E6%9B%B4%E5%A5%BD/step6.jpg,190度继续烤到20分钟，烤熟为止。中间注意翻动两次，可以再刷点油，让薯条均匀受热，烘烤时间依据土豆条的薄厚而定。;https://ggh-meishijie.oss-cn-shenzhen.aliyuncs.com/recipe/%E6%95%99%E4%BD%A0%E8%96%AF%E6%9D%A1%E6%9C%80%E7%AE%80%E5%8D%95%E5%81%9A%E6%B3%95%EF%BC%8C%E6%97%A0%E7%9B%90%E5%B0%91%E6%B2%B9%E6%AF%94%E4%B9%B0%E7%9A%84%E6%9B%B4%E5%A5%BD/step7.jpg,出锅装盘。简单、省油、健康，口感好，蘸番茄酱吃无可挑剔。格琳诺尔冷榨核桃油，更适合宝宝的健康好油！;', '', 'https://www.meishij.net/zuofa/jiaonishutiaozuijiandanzuofawuyanshaoyoubimaidegenghaochidingbaohuanbupangren.html', 1, '2021-09-17 13:59:11', '2025-06-10 06:40:25');
INSERT INTO `recipe_list` VALUES ('2f81397a-3cd1-489e-bea4-a1331ce7803a', 0, 'https://ggh-meishijie.oss-cn-shenzhen.aliyuncs.com/recipe/%E5%8D%97%E7%93%9C%E9%A6%92%E5%A4%B4/cover.jpg', NULL, '南瓜馒头', 5, 6596, '蒸', '甜味', '90分钟', '未知', 'https://www.meishij.net/ajax/qrcode_wap.php?i=1957383', '南瓜:250克;中筋面粉:400克;', '酵母:4克;白糖:40克;', 3, '379d297b-e5ce-c60f-fea9-c6da49b5eab8', '特殊时期被关在家，闲着无聊，想着冰箱里还有一块南瓜，做锅馒头当早餐', 'https://ggh-meishijie.oss-cn-shenzhen.aliyuncs.com/recipe/%E5%8D%97%E7%93%9C%E9%A6%92%E5%A4%B4/finish1.jpg;https://ggh-meishijie.oss-cn-shenzhen.aliyuncs.com/recipe/%E5%8D%97%E7%93%9C%E9%A6%92%E5%A4%B4/finish2.jpg;https://ggh-meishijie.oss-cn-shenzhen.aliyuncs.com/recipe/%E5%8D%97%E7%93%9C%E9%A6%92%E5%A4%B4/finish3.jpg;', 'https://ggh-meishijie.oss-cn-shenzhen.aliyuncs.com/recipe/%E5%8D%97%E7%93%9C%E9%A6%92%E5%A4%B4/step1.jpg,南瓜去皮;https://ggh-meishijie.oss-cn-shenzhen.aliyuncs.com/recipe/%E5%8D%97%E7%93%9C%E9%A6%92%E5%A4%B4/step2.jpg,切片;https://ggh-meishijie.oss-cn-shenzhen.aliyuncs.com/recipe/%E5%8D%97%E7%93%9C%E9%A6%92%E5%A4%B4/step3.jpg,上锅蒸熟;https://ggh-meishijie.oss-cn-shenzhen.aliyuncs.com/recipe/%E5%8D%97%E7%93%9C%E9%A6%92%E5%A4%B4/step4.jpg,压成泥;https://ggh-meishijie.oss-cn-shenzhen.aliyuncs.com/recipe/%E5%8D%97%E7%93%9C%E9%A6%92%E5%A4%B4/step5.jpg,放入白糖;https://ggh-meishijie.oss-cn-shenzhen.aliyuncs.com/recipe/%E5%8D%97%E7%93%9C%E9%A6%92%E5%A4%B4/step6.jpg,待温热放入酵母;https://ggh-meishijie.oss-cn-shenzhen.aliyuncs.com/recipe/%E5%8D%97%E7%93%9C%E9%A6%92%E5%A4%B4/step7.jpg,加入面粉;https://ggh-meishijie.oss-cn-shenzhen.aliyuncs.com/recipe/%E5%8D%97%E7%93%9C%E9%A6%92%E5%A4%B4/step8.jpg,放厨师机中低档搅拌无干粉;https://ggh-meishijie.oss-cn-shenzhen.aliyuncs.com/recipe/%E5%8D%97%E7%93%9C%E9%A6%92%E5%A4%B4/step9.jpg,揉成光滑的面团;https://ggh-meishijie.oss-cn-shenzhen.aliyuncs.com/recipe/%E5%8D%97%E7%93%9C%E9%A6%92%E5%A4%B4/step10.jpg,搓成长条;https://ggh-meishijie.oss-cn-shenzhen.aliyuncs.com/recipe/%E5%8D%97%E7%93%9C%E9%A6%92%E5%A4%B4/step11.jpg,切成大小一至;https://ggh-meishijie.oss-cn-shenzhen.aliyuncs.com/recipe/%E5%8D%97%E7%93%9C%E9%A6%92%E5%A4%B4/step12.jpg,摆入蒸锅中醒发二位大，大火蒸，水开后蒸15分钟，焖2分钟出锅;', '', 'https://www.meishij.net/zuofa/nanguamantou_69.html', 1, '2021-09-17 13:56:50', '2025-06-07 17:57:22');
INSERT INTO `recipe_list` VALUES ('318e9304-beae-46c2-8b10-16ba5b4059e0', 0, 'https://ggh-meishijie.oss-cn-shenzhen.aliyuncs.com/recipe/%E5%8D%97%E7%93%9C%E9%9D%A2%E5%8C%85/cover.jpg', NULL, '南瓜面包', 7, 8664, '烘焙', '甜味', '数小时', '初中水平', 'https://www.meishij.net/ajax/qrcode_wap.php?i=1878629', '高筋面粉:260克;牛奶:100克;糖:45克;鸡蛋:1个;玉米油:30克;酵母:4克;盐:3克;', '南瓜泥:50克;', 3, '8a7c5499-ed74-8cce-8679-8ae051ffdd3c', '南瓜含有丰富的营养，蒸一些南瓜泥做面包，做成小巧可爱的小餐包给孩子当早餐，孩子非常喜欢。这个配方做的面包，松软香甜，非常好吃。', 'https://ggh-meishijie.oss-cn-shenzhen.aliyuncs.com/recipe/%E5%8D%97%E7%93%9C%E9%9D%A2%E5%8C%85/finish1.jpg;https://ggh-meishijie.oss-cn-shenzhen.aliyuncs.com/recipe/%E5%8D%97%E7%93%9C%E9%9D%A2%E5%8C%85/finish2.jpg;https://ggh-meishijie.oss-cn-shenzhen.aliyuncs.com/recipe/%E5%8D%97%E7%93%9C%E9%9D%A2%E5%8C%85/finish3.jpg;https://ggh-meishijie.oss-cn-shenzhen.aliyuncs.com/recipe/%E5%8D%97%E7%93%9C%E9%9D%A2%E5%8C%85/finish4.jpg;', 'https://ggh-meishijie.oss-cn-shenzhen.aliyuncs.com/recipe/%E5%8D%97%E7%93%9C%E9%9D%A2%E5%8C%85/step1.jpg,准备食材。;https://ggh-meishijie.oss-cn-shenzhen.aliyuncs.com/recipe/%E5%8D%97%E7%93%9C%E9%9D%A2%E5%8C%85/step2.jpg,面包机桶内，先加入牛奶、鸡蛋、玉米油，盐、糖对角线放置，再加入高筋粉、南瓜泥，最后在面粉上面挖一个小洞，放入酵母。切记不要让酵母接触到盐。;https://ggh-meishijie.oss-cn-shenzhen.aliyuncs.com/recipe/%E5%8D%97%E7%93%9C%E9%9D%A2%E5%8C%85/step3.jpg,两个揉面程序以后检查面团，可以很轻松的拉出薄膜即可。;https://ggh-meishijie.oss-cn-shenzhen.aliyuncs.com/recipe/%E5%8D%97%E7%93%9C%E9%9D%A2%E5%8C%85/step4.jpg,整理好面团，面包机选择发酵程序，进行发酵。;https://ggh-meishijie.oss-cn-shenzhen.aliyuncs.com/recipe/%E5%8D%97%E7%93%9C%E9%9D%A2%E5%8C%85/step5.jpg,面团发酵到2倍大，面包机选择烘烤模式。;https://ggh-meishijie.oss-cn-shenzhen.aliyuncs.com/recipe/%E5%8D%97%E7%93%9C%E9%9D%A2%E5%8C%85/step6.jpg,时间结束后，立即取出脱模，晾凉。\n切片。\n;', '', 'https://www.meishij.net/zuofa/nanguamianbao_21.html', 1, '2021-09-17 13:51:35', '2025-06-11 01:31:45');
INSERT INTO `recipe_list` VALUES ('3c6e8e2a-ea6c-4eb9-bfd9-d08d7ba4e658', 1, 'https://ggh-meishijie.oss-cn-shenzhen.aliyuncs.com/recipe/%E9%9D%92%E6%A4%92%E7%84%96%E8%85%90%E7%AB%B9/cover.jpg', 'https://ggh-meishijie.oss-cn-shenzhen.aliyuncs.com/recipe/%E9%9D%92%E6%A4%92%E7%84%96%E8%85%90%E7%AB%B9/video.mp4', '青椒焖腐竹', 6, 4215, '炒', '家常味', '5分钟', '新手尝试', 'https://www.meishij.net/ajax/qrcode_wap.php?i=1958102', '腐竹:适量;', '青椒:适量;蚝油:适量;白砂糖:适量;生抽:适量;陈醋:适量;十三香:适量;老抽:适量;淀粉:适量;', 2, '3acd4894-15f1-99df-74b4-3f4af449cdb0', '鲜辣青椒撞上柔韧腐竹，温润焖香好下饭！', 'https://ggh-meishijie.oss-cn-shenzhen.aliyuncs.com/recipe/%E9%9D%92%E6%A4%92%E7%84%96%E8%85%90%E7%AB%B9/finish1.jpg;https://ggh-meishijie.oss-cn-shenzhen.aliyuncs.com/recipe/%E9%9D%92%E6%A4%92%E7%84%96%E8%85%90%E7%AB%B9/finish2.jpg;', 'https://ggh-meishijie.oss-cn-shenzhen.aliyuncs.com/recipe/%E9%9D%92%E6%A4%92%E7%84%96%E8%85%90%E7%AB%B9/step1.jpg,腐竹用冷水泡一下，切段。;https://ggh-meishijie.oss-cn-shenzhen.aliyuncs.com/recipe/%E9%9D%92%E6%A4%92%E7%84%96%E8%85%90%E7%AB%B9/step2.jpg,水开后，腐竹下锅烫10秒。;https://ggh-meishijie.oss-cn-shenzhen.aliyuncs.com/recipe/%E9%9D%92%E6%A4%92%E7%84%96%E8%85%90%E7%AB%B9/step3.jpg,锅中放油，倒入蒜末爆香。;https://ggh-meishijie.oss-cn-shenzhen.aliyuncs.com/recipe/%E9%9D%92%E6%A4%92%E7%84%96%E8%85%90%E7%AB%B9/step4.jpg,加一小半碗清水，放入蚝油，腐竹下锅，放一点盐，白砂糖，生抽，陈醋，十三香。;https://ggh-meishijie.oss-cn-shenzhen.aliyuncs.com/recipe/%E9%9D%92%E6%A4%92%E7%84%96%E8%85%90%E7%AB%B9/step5.jpg,焖两分钟倒入青椒，放一点老抽，淀粉勾芡即可。;', '腐竹温水泡软挤干再焖，青椒最后放，大火收汁锁住鲜香。', 'https://www.meishij.net/zuofa/chaomantou_21.html', 1, '2021-09-17 13:57:20', '2025-06-12 00:18:41');
INSERT INTO `recipe_list` VALUES ('432d2522-44da-408e-9902-10af55b3111a', 0, 'https://ggh-meishijie.oss-cn-shenzhen.aliyuncs.com/recipe/%E9%AB%98%E8%80%83%E5%BF%85%E5%90%83%E7%9A%84%E9%B2%9C%E8%92%B8%E5%86%AC%E7%93%9C/cover.jpg', NULL, '高考必吃的鲜蒸冬瓜', 4040, 10919, '蒸', '咸鲜味', '30分钟', '新手尝试', 'https://www.meishij.net/ajax/qrcode_wap.php?i=1842455', '冬瓜:300克;虾皮:50克;平菇片:50克;', '油:10毫升;鸡汤:适量;盐:适量;葱花:少许;', 2, '2b4cef1a-0d2c-4698-fc5b-8e4f1f1d2977', '这个鲜蒸冬瓜含有很多维生素和矿物质，补脑缓解紧张。蒸或考，只要火候到了都能有美味的结果呢~考生们一定要记得吃哦', 'https://ggh-meishijie.oss-cn-shenzhen.aliyuncs.com/recipe/%E9%AB%98%E8%80%83%E5%BF%85%E5%90%83%E7%9A%84%E9%B2%9C%E8%92%B8%E5%86%AC%E7%93%9C/finish1.jpg;https://ggh-meishijie.oss-cn-shenzhen.aliyuncs.com/recipe/%E9%AB%98%E8%80%83%E5%BF%85%E5%90%83%E7%9A%84%E9%B2%9C%E8%92%B8%E5%86%AC%E7%93%9C/finish2.jpg;', 'https://ggh-meishijie.oss-cn-shenzhen.aliyuncs.com/recipe/%E9%AB%98%E8%80%83%E5%BF%85%E5%90%83%E7%9A%84%E9%B2%9C%E8%92%B8%E5%86%AC%E7%93%9C/step1.jpg,准备好所有的食材;https://ggh-meishijie.oss-cn-shenzhen.aliyuncs.com/recipe/%E9%AB%98%E8%80%83%E5%BF%85%E5%90%83%E7%9A%84%E9%B2%9C%E8%92%B8%E5%86%AC%E7%93%9C/step2.jpg,将冬瓜切成0.5厘米的薄片;https://ggh-meishijie.oss-cn-shenzhen.aliyuncs.com/recipe/%E9%AB%98%E8%80%83%E5%BF%85%E5%90%83%E7%9A%84%E9%B2%9C%E8%92%B8%E5%86%AC%E7%93%9C/step3.jpg,准备好鸡汤、虾皮、葱花、油和盐;https://ggh-meishijie.oss-cn-shenzhen.aliyuncs.com/recipe/%E9%AB%98%E8%80%83%E5%BF%85%E5%90%83%E7%9A%84%E9%B2%9C%E8%92%B8%E5%86%AC%E7%93%9C/step4.jpg,平菇撕成小片之后，和冬瓜一起平铺摆盘，撒上虾皮;https://ggh-meishijie.oss-cn-shenzhen.aliyuncs.com/recipe/%E9%AB%98%E8%80%83%E5%BF%85%E5%90%83%E7%9A%84%E9%B2%9C%E8%92%B8%E5%86%AC%E7%93%9C/step5.jpg,加入适量的盐，鸡汤均匀倒入。放入蒸烤箱，选择蒸汽模式，110度蒸25分钟;https://ggh-meishijie.oss-cn-shenzhen.aliyuncs.com/recipe/%E9%AB%98%E8%80%83%E5%BF%85%E5%90%83%E7%9A%84%E9%B2%9C%E8%92%B8%E5%86%AC%E7%93%9C/step6.jpg,蒸完之后取出撒上葱花点缀即可;', '1、冬瓜性寒，最好不要吃生冷的\n2、冬瓜忌和鲫鱼共食\n', 'https://www.meishij.net/zuofa/gaokaobichidexianzhengdonggua.html', 1, '2021-09-17 13:46:57', '2025-05-28 00:09:33');
INSERT INTO `recipe_list` VALUES ('432ff9d8-f9a5-44c9-9cb9-ce32339df939', 0, 'https://ggh-meishijie.oss-cn-shenzhen.aliyuncs.com/recipe/%E6%9F%A0%E6%AA%AC%E6%B0%B4%E7%9A%84%E6%AD%A3%E7%A1%AE%E6%B3%A1%E6%B3%95/cover.jpg', NULL, '柠檬水的正确泡法', 8, 86930, '其它工艺', '甜味', '5分钟', '新手尝试', 'https://www.meishij.net/ajax/qrcode_wap.php?i=1872560', '柠檬:3个;', '蜂蜜:适量;盐:适量;', 2, '80f46dc4-4e97-4665-f10c-3391350d9504', '#罐头小厨#柠檬水正确泡法！掌握这些小窍门，让你一杯轻松熬过干燥冬季', 'https://ggh-meishijie.oss-cn-shenzhen.aliyuncs.com/recipe/%E6%9F%A0%E6%AA%AC%E6%B0%B4%E7%9A%84%E6%AD%A3%E7%A1%AE%E6%B3%A1%E6%B3%95/finish1.jpg;https://ggh-meishijie.oss-cn-shenzhen.aliyuncs.com/recipe/%E6%9F%A0%E6%AA%AC%E6%B0%B4%E7%9A%84%E6%AD%A3%E7%A1%AE%E6%B3%A1%E6%B3%95/finish2.jpg;', 'https://ggh-meishijie.oss-cn-shenzhen.aliyuncs.com/recipe/%E6%9F%A0%E6%AA%AC%E6%B0%B4%E7%9A%84%E6%AD%A3%E7%A1%AE%E6%B3%A1%E6%B3%95/step1.jpg,柠檬3个用湿毛巾擦净，用盐搓去表面果蜡，再用清水洗净，用厨房纸擦干柠檬，置于干燥通风处晾5分钟;https://ggh-meishijie.oss-cn-shenzhen.aliyuncs.com/recipe/%E6%9F%A0%E6%AA%AC%E6%B0%B4%E7%9A%84%E6%AD%A3%E7%A1%AE%E6%B3%A1%E6%B3%95/step2.jpg, 将柠檬切成均匀的薄片，剔籽;https://ggh-meishijie.oss-cn-shenzhen.aliyuncs.com/recipe/%E6%9F%A0%E6%AA%AC%E6%B0%B4%E7%9A%84%E6%AD%A3%E7%A1%AE%E6%B3%A1%E6%B3%95/step3.jpg, 消毒好的密封罐中铺一层柠檬片，倒一层蜂蜜，层层铺好;https://ggh-meishijie.oss-cn-shenzhen.aliyuncs.com/recipe/%E6%9F%A0%E6%AA%AC%E6%B0%B4%E7%9A%84%E6%AD%A3%E7%A1%AE%E6%B3%A1%E6%B3%95/step4.jpg,盖上盖子密封，放入冰冷藏腌渍2天;https://ggh-meishijie.oss-cn-shenzhen.aliyuncs.com/recipe/%E6%9F%A0%E6%AA%AC%E6%B0%B4%E7%9A%84%E6%AD%A3%E7%A1%AE%E6%B3%A1%E6%B3%95/step5.jpg,饮用时取柠檬片和蜂蜜，倒入70℃以下的温水泡开即可;', '', 'https://www.meishij.net/zuofa/ningmengshuidezhengquepaofa.html', 1, '2021-09-17 13:48:27', '2025-06-01 14:14:25');
INSERT INTO `recipe_list` VALUES ('468911e0-9788-49e1-b8cd-d6f1c05c407f', 0, 'https://ggh-meishijie.oss-cn-shenzhen.aliyuncs.com/recipe/%E5%8D%97%E7%93%9C%E6%B5%93%E6%B1%A4/cover.jpg', NULL, '南瓜浓汤', 609, 8968, '煮', '甜味', '15分钟', '中级掌勺', 'https://www.meishij.net/ajax/qrcode_wap.php?i=1876864', '南瓜:200克;', '白砂糖:两勺;淡奶油:50克;', 2, 'ed0d96fb-c4df-87d3-a7ba-6821ccfb5316', '香浓的一碗南瓜浓汤，细化无比，充满了奶香味，既可以当餐前汤，也可以当餐后甜品，简单、方便、营养、美味，赞。', 'https://ggh-meishijie.oss-cn-shenzhen.aliyuncs.com/recipe/%E5%8D%97%E7%93%9C%E6%B5%93%E6%B1%A4/finish1.jpg;https://ggh-meishijie.oss-cn-shenzhen.aliyuncs.com/recipe/%E5%8D%97%E7%93%9C%E6%B5%93%E6%B1%A4/finish2.jpg;', 'https://ggh-meishijie.oss-cn-shenzhen.aliyuncs.com/recipe/%E5%8D%97%E7%93%9C%E6%B5%93%E6%B1%A4/step1.jpg,南瓜削皮洗净;https://ggh-meishijie.oss-cn-shenzhen.aliyuncs.com/recipe/%E5%8D%97%E7%93%9C%E6%B5%93%E6%B1%A4/step2.jpg,放入蒸锅，开大火把南瓜蒸熟，用筷子能扎进去即可;https://ggh-meishijie.oss-cn-shenzhen.aliyuncs.com/recipe/%E5%8D%97%E7%93%9C%E6%B5%93%E6%B1%A4/step3.jpg,将蒸熟的南瓜盛出来稍微放凉;https://ggh-meishijie.oss-cn-shenzhen.aliyuncs.com/recipe/%E5%8D%97%E7%93%9C%E6%B5%93%E6%B1%A4/step4.jpg,放入料理杯中，加入细砂糖;https://ggh-meishijie.oss-cn-shenzhen.aliyuncs.com/recipe/%E5%8D%97%E7%93%9C%E6%B5%93%E6%B1%A4/step5.jpg,加入淡奶油;https://ggh-meishijie.oss-cn-shenzhen.aliyuncs.com/recipe/%E5%8D%97%E7%93%9C%E6%B5%93%E6%B1%A4/step6.jpg,将料理杯盖上盖子，装上料理机;https://ggh-meishijie.oss-cn-shenzhen.aliyuncs.com/recipe/%E5%8D%97%E7%93%9C%E6%B5%93%E6%B1%A4/step7.jpg,启动料理机，将南瓜泥打几十秒，倒出来即可;', '糖的量根据自己的口味调整。', 'https://www.meishij.net/zuofa/nanguanongtang_11.html', 1, '2021-09-17 13:51:13', '2025-06-07 16:52:30');
INSERT INTO `recipe_list` VALUES ('5e160fe5-5f5d-478f-9be7-1ff047e7a813', 1, 'https://ggh-meishijie.oss-cn-shenzhen.aliyuncs.com/recipe/%E8%90%9D%E5%8D%9C%E6%B1%A4/cover.jpg', 'https://ggh-meishijie.oss-cn-shenzhen.aliyuncs.com/recipe/%E8%90%9D%E5%8D%9C%E6%B1%A4/video.mp4', '萝卜汤', 30, 26103, '炖', '咸鲜味', '60分钟', '新手尝试', 'https://www.meishij.net/ajax/qrcode_wap.php?i=1903202', '白萝卜:200克;胡萝卜:30克;芹菜:20克;猪瘦肉:20克;', '香葱:适量;香菜:适量;食用油:5毫升;盐:3克;鸡粉:5克;白胡椒粉:3克;', 2, '2f9c3b38-66f4-e23a-ebeb-4ff61e05383e', '无', 'https://ggh-meishijie.oss-cn-shenzhen.aliyuncs.com/recipe/%E8%90%9D%E5%8D%9C%E6%B1%A4/finish.jpg;', 'https://ggh-meishijie.oss-cn-shenzhen.aliyuncs.com/recipe/%E8%90%9D%E5%8D%9C%E6%B1%A4/step1.jpg,白萝卜切丝，胡萝卜切末，芹菜切末，香菜切段，香葱切末，猪肉切丝;https://ggh-meishijie.oss-cn-shenzhen.aliyuncs.com/recipe/%E8%90%9D%E5%8D%9C%E6%B1%A4/step2.jpg,倒入食用油，倒入葱末、猪瘦肉，煸炒至变色;https://ggh-meishijie.oss-cn-shenzhen.aliyuncs.com/recipe/%E8%90%9D%E5%8D%9C%E6%B1%A4/step3.jpg,倒入萝卜条，翻炒均匀;https://ggh-meishijie.oss-cn-shenzhen.aliyuncs.com/recipe/%E8%90%9D%E5%8D%9C%E6%B1%A4/step4.jpg,加水500ML;https://ggh-meishijie.oss-cn-shenzhen.aliyuncs.com/recipe/%E8%90%9D%E5%8D%9C%E6%B1%A4/step5.jpg,大火煮沸;https://ggh-meishijie.oss-cn-shenzhen.aliyuncs.com/recipe/%E8%90%9D%E5%8D%9C%E6%B1%A4/step6.jpg,加盐、鸡粉、白胡椒粉，大火煮沸;https://ggh-meishijie.oss-cn-shenzhen.aliyuncs.com/recipe/%E8%90%9D%E5%8D%9C%E6%B1%A4/step7.jpg,倒入胡萝卜末、芹菜末，大火煮沸;', '', 'https://www.meishij.net/zuofa/luobotang_12.html', 1, '2021-09-17 13:53:35', '2025-05-27 22:37:17');
INSERT INTO `recipe_list` VALUES ('5ff6ec9b-9813-4787-bbb1-971976ec10c5', 0, 'https://ggh-meishijie.oss-cn-shenzhen.aliyuncs.com/recipe/%E6%BD%8D%E5%9D%8A%E9%A6%99%E9%85%A5%E8%82%89%E7%81%AB%E7%83%A7/cover.jpg', NULL, '潍坊香酥肉火烧', 1428, 15632, '蒸', '家常味', '2小时', '初级入门', 'https://www.meishij.net/ajax/qrcode_wap.php?i=1896637', '普通面粉:300克;猪五花肉馅:300克;酵母:3克;干海米:20克;泡发黑木耳:25克;鸡蛋:1个;', '花椒:10克;小葱:80克;生姜:5克;白糖:5克;老抽:5克;生抽:10克;胡椒粉:1克;料酒:10克;橄榄油:60克;香油:5克;面粉:40克;水:175克;', 4, '3acd4894-15f1-99df-74b4-3f4af449cdb0', '潍坊火烧的特点是饼皮采用发面团与油酥实现起层的效果。潍坊火烧种类繁多，但肉火烧以其肉香浓郁干焦酥脆尤为让人喜爱。', 'https://ggh-meishijie.oss-cn-shenzhen.aliyuncs.com/recipe/%E6%BD%8D%E5%9D%8A%E9%A6%99%E9%85%A5%E8%82%89%E7%81%AB%E7%83%A7/finish1.jpg;https://ggh-meishijie.oss-cn-shenzhen.aliyuncs.com/recipe/%E6%BD%8D%E5%9D%8A%E9%A6%99%E9%85%A5%E8%82%89%E7%81%AB%E7%83%A7/finish2.jpg;https://ggh-meishijie.oss-cn-shenzhen.aliyuncs.com/recipe/%E6%BD%8D%E5%9D%8A%E9%A6%99%E9%85%A5%E8%82%89%E7%81%AB%E7%83%A7/finish3.jpg;https://ggh-meishijie.oss-cn-shenzhen.aliyuncs.com/recipe/%E6%BD%8D%E5%9D%8A%E9%A6%99%E9%85%A5%E8%82%89%E7%81%AB%E7%83%A7/finish4.jpg;', 'https://ggh-meishijie.oss-cn-shenzhen.aliyuncs.com/recipe/%E6%BD%8D%E5%9D%8A%E9%A6%99%E9%85%A5%E8%82%89%E7%81%AB%E7%83%A7/step1.jpg,酵母用适量的水化开，倒入面粉里搅成絮状;https://ggh-meishijie.oss-cn-shenzhen.aliyuncs.com/recipe/%E6%BD%8D%E5%9D%8A%E9%A6%99%E9%85%A5%E8%82%89%E7%81%AB%E7%83%A7/step2.jpg,和成光滑的面团发酵;https://ggh-meishijie.oss-cn-shenzhen.aliyuncs.com/recipe/%E6%BD%8D%E5%9D%8A%E9%A6%99%E9%85%A5%E8%82%89%E7%81%AB%E7%83%A7/step3.jpg,至两倍大小时发酵结束;https://ggh-meishijie.oss-cn-shenzhen.aliyuncs.com/recipe/%E6%BD%8D%E5%9D%8A%E9%A6%99%E9%85%A5%E8%82%89%E7%81%AB%E7%83%A7/step4.jpg,花椒放入碗中加入100的开水，浸泡10分钟;https://ggh-meishijie.oss-cn-shenzhen.aliyuncs.com/recipe/%E6%BD%8D%E5%9D%8A%E9%A6%99%E9%85%A5%E8%82%89%E7%81%AB%E7%83%A7/step5.jpg,海米放入水中泡软捞出切碎;https://ggh-meishijie.oss-cn-shenzhen.aliyuncs.com/recipe/%E6%BD%8D%E5%9D%8A%E9%A6%99%E9%85%A5%E8%82%89%E7%81%AB%E7%83%A7/step6.jpg,黑木耳泡发后切碎;https://ggh-meishijie.oss-cn-shenzhen.aliyuncs.com/recipe/%E6%BD%8D%E5%9D%8A%E9%A6%99%E9%85%A5%E8%82%89%E7%81%AB%E7%83%A7/step7.jpg,鸡蛋打散加一汤勺的水搅匀，放入蒸锅蒸5分钟成鸡蛋糕，放凉切碎;https://ggh-meishijie.oss-cn-shenzhen.aliyuncs.com/recipe/%E6%BD%8D%E5%9D%8A%E9%A6%99%E9%85%A5%E8%82%89%E7%81%AB%E7%83%A7/step8.jpg,肉馅五花肉馅分次加入花椒水;https://ggh-meishijie.oss-cn-shenzhen.aliyuncs.com/recipe/%E6%BD%8D%E5%9D%8A%E9%A6%99%E9%85%A5%E8%82%89%E7%81%AB%E7%83%A7/step9.jpg,搅打上劲;https://ggh-meishijie.oss-cn-shenzhen.aliyuncs.com/recipe/%E6%BD%8D%E5%9D%8A%E9%A6%99%E9%85%A5%E8%82%89%E7%81%AB%E7%83%A7/step10.jpg,肉馅中除香葱碎、姜碎外的调味料放入容器内，顺一个方向搅拌上劲;https://ggh-meishijie.oss-cn-shenzhen.aliyuncs.com/recipe/%E6%BD%8D%E5%9D%8A%E9%A6%99%E9%85%A5%E8%82%89%E7%81%AB%E7%83%A7/step11.jpg,加入橄榄油和姜葱碎搅拌;https://ggh-meishijie.oss-cn-shenzhen.aliyuncs.com/recipe/%E6%BD%8D%E5%9D%8A%E9%A6%99%E9%85%A5%E8%82%89%E7%81%AB%E7%83%A7/step12.jpg,将调好的肉馅放入冰箱冷藏腌制20分钟后在使用;https://ggh-meishijie.oss-cn-shenzhen.aliyuncs.com/recipe/%E6%BD%8D%E5%9D%8A%E9%A6%99%E9%85%A5%E8%82%89%E7%81%AB%E7%83%A7/step13.jpg,再放入海米粒、鸡蛋碎、黑木耳;https://ggh-meishijie.oss-cn-shenzhen.aliyuncs.com/recipe/%E6%BD%8D%E5%9D%8A%E9%A6%99%E9%85%A5%E8%82%89%E7%81%AB%E7%83%A7/step14.jpg,拌匀成火烧馅;https://ggh-meishijie.oss-cn-shenzhen.aliyuncs.com/recipe/%E6%BD%8D%E5%9D%8A%E9%A6%99%E9%85%A5%E8%82%89%E7%81%AB%E7%83%A7/step15.jpg,面粉40克与橄榄油40克搅匀集成油酥;https://ggh-meishijie.oss-cn-shenzhen.aliyuncs.com/recipe/%E6%BD%8D%E5%9D%8A%E9%A6%99%E9%85%A5%E8%82%89%E7%81%AB%E7%83%A7/step16.jpg,发好的面团揉匀;https://ggh-meishijie.oss-cn-shenzhen.aliyuncs.com/recipe/%E6%BD%8D%E5%9D%8A%E9%A6%99%E9%85%A5%E8%82%89%E7%81%AB%E7%83%A7/step17.jpg,擀开，擀成0.3cm的椭圆形面片;https://ggh-meishijie.oss-cn-shenzhen.aliyuncs.com/recipe/%E6%BD%8D%E5%9D%8A%E9%A6%99%E9%85%A5%E8%82%89%E7%81%AB%E7%83%A7/step18.jpg,抹上油酥;https://ggh-meishijie.oss-cn-shenzhen.aliyuncs.com/recipe/%E6%BD%8D%E5%9D%8A%E9%A6%99%E9%85%A5%E8%82%89%E7%81%AB%E7%83%A7/step18.jpg,由底边卷起来;https://ggh-meishijie.oss-cn-shenzhen.aliyuncs.com/recipe/%E6%BD%8D%E5%9D%8A%E9%A6%99%E9%85%A5%E8%82%89%E7%81%AB%E7%83%A7/step20.jpg,均分大小揪成8个剂子;https://ggh-meishijie.oss-cn-shenzhen.aliyuncs.com/recipe/%E6%BD%8D%E5%9D%8A%E9%A6%99%E9%85%A5%E8%82%89%E7%81%AB%E7%83%A7/step21.jpg,用手指在剂子的中间按下，再把剂子四角收向中间，按扁;https://ggh-meishijie.oss-cn-shenzhen.aliyuncs.com/recipe/%E6%BD%8D%E5%9D%8A%E9%A6%99%E9%85%A5%E8%82%89%E7%81%AB%E7%83%A7/step22.jpg,擀成中间厚边缘薄的面皮;https://ggh-meishijie.oss-cn-shenzhen.aliyuncs.com/recipe/%E6%BD%8D%E5%9D%8A%E9%A6%99%E9%85%A5%E8%82%89%E7%81%AB%E7%83%A7/step23.jpg,放入适量的肉馅;https://ggh-meishijie.oss-cn-shenzhen.aliyuncs.com/recipe/%E6%BD%8D%E5%9D%8A%E9%A6%99%E9%85%A5%E8%82%89%E7%81%AB%E7%83%A7/step24.jpg,延边拿摺包起来;https://ggh-meishijie.oss-cn-shenzhen.aliyuncs.com/recipe/%E6%BD%8D%E5%9D%8A%E9%A6%99%E9%85%A5%E8%82%89%E7%81%AB%E7%83%A7/step25.jpg,收口朝下;https://ggh-meishijie.oss-cn-shenzhen.aliyuncs.com/recipe/%E6%BD%8D%E5%9D%8A%E9%A6%99%E9%85%A5%E8%82%89%E7%81%AB%E7%83%A7/step26.jpg,手按扁放入烤盘中，表面可刷油;https://ggh-meishijie.oss-cn-shenzhen.aliyuncs.com/recipe/%E6%BD%8D%E5%9D%8A%E9%A6%99%E9%85%A5%E8%82%89%E7%81%AB%E7%83%A7/step27.jpg,用200度上下火烤18分钟左右;https://ggh-meishijie.oss-cn-shenzhen.aliyuncs.com/recipe/%E6%BD%8D%E5%9D%8A%E9%A6%99%E9%85%A5%E8%82%89%E7%81%AB%E7%83%A7/step28.jpg,表面上色即成;', '小英子心语：\n1.	判断烤的饼熟不熟，用手碰一下饼的边，如果迅速回弹百分百熟了，不过要小心烫着自己。\n2.	猪肉馅要选五花肉，海米、鸡蛋糕、葱花，花椒水，是必须要用的，少了则就失去了传统的味道\n3.	调制好的肉馅冷藏一段时间后比较容易包\n4.	包的时候尽量不要露馅，露馅不好看也不好吃了。\n5.	调馅用油不拘于橄榄油，只要是植物油就可以。\n', 'https://www.meishij.net/zuofa/weifangxiangsurouhuoshao_1.html', 1, '2021-09-17 13:58:48', '2025-06-08 14:55:07');
INSERT INTO `recipe_list` VALUES ('6068a3bd-2f43-4485-91f5-4873fcc4d826', 0, 'https://ggh-meishijie.oss-cn-shenzhen.aliyuncs.com/recipe/%E7%8E%89%E7%B1%B3%E5%B1%B1%E8%8D%AF%E7%82%96%E6%8E%92%E9%AA%A8/cover.jpg', NULL, '玉米山药炖排骨', 17, 12881, '煲', '家常味', '30分钟', '中级掌勺', 'https://www.meishij.net/ajax/qrcode_wap.php?i=1842477', '排骨:一根;', '盐:一朵;胡萝卜:一个;玉米:一个;土豆:两个;山药:半根;', 1, 'ed0d96fb-c4df-87d3-a7ba-6821ccfb5316', '很喜欢这道菜，简单的几种食材，因为有了排骨的加入，汤汁清甜滋润，口感超好呢，我喜欢在里面添加些颜色丰富的食材，这样五颜六色的一大锅，看着就有食欲。', 'https://ggh-meishijie.oss-cn-shenzhen.aliyuncs.com/recipe/%E7%8E%89%E7%B1%B3%E5%B1%B1%E8%8D%AF%E7%82%96%E6%8E%92%E9%AA%A8/finish1.jpg;https://ggh-meishijie.oss-cn-shenzhen.aliyuncs.com/recipe/%E7%8E%89%E7%B1%B3%E5%B1%B1%E8%8D%AF%E7%82%96%E6%8E%92%E9%AA%A8/finish2.jpg;https://ggh-meishijie.oss-cn-shenzhen.aliyuncs.com/recipe/%E7%8E%89%E7%B1%B3%E5%B1%B1%E8%8D%AF%E7%82%96%E6%8E%92%E9%AA%A8/finish3.jpg;https://ggh-meishijie.oss-cn-shenzhen.aliyuncs.com/recipe/%E7%8E%89%E7%B1%B3%E5%B1%B1%E8%8D%AF%E7%82%96%E6%8E%92%E9%AA%A8/finish4.jpg;', 'https://ggh-meishijie.oss-cn-shenzhen.aliyuncs.com/recipe/%E7%8E%89%E7%B1%B3%E5%B1%B1%E8%8D%AF%E7%82%96%E6%8E%92%E9%AA%A8/step1.jpg,排骨切成小段，冷水下锅汆烫，捞出备用;https://ggh-meishijie.oss-cn-shenzhen.aliyuncs.com/recipe/%E7%8E%89%E7%B1%B3%E5%B1%B1%E8%8D%AF%E7%82%96%E6%8E%92%E9%AA%A8/step2.jpg,所有的食材都切成同样大小的块状;https://ggh-meishijie.oss-cn-shenzhen.aliyuncs.com/recipe/%E7%8E%89%E7%B1%B3%E5%B1%B1%E8%8D%AF%E7%82%96%E6%8E%92%E9%AA%A8/step3.jpg,排骨倒入高压锅，加入清水;https://ggh-meishijie.oss-cn-shenzhen.aliyuncs.com/recipe/%E7%8E%89%E7%B1%B3%E5%B1%B1%E8%8D%AF%E7%82%96%E6%8E%92%E9%AA%A8/step4.jpg,将排骨、玉米、山药、土豆都倒入高压锅，盖上盖子，煮熟;https://ggh-meishijie.oss-cn-shenzhen.aliyuncs.com/recipe/%E7%8E%89%E7%B1%B3%E5%B1%B1%E8%8D%AF%E7%82%96%E6%8E%92%E9%AA%A8/step5.jpg,加入盐，拌匀;https://ggh-meishijie.oss-cn-shenzhen.aliyuncs.com/recipe/%E7%8E%89%E7%B1%B3%E5%B1%B1%E8%8D%AF%E7%82%96%E6%8E%92%E9%AA%A8/step6.jpg,出锅装盘即可;', '所有的食材都切成相同的大小，就不会出现有的熟有的不熟的情况了。', 'https://www.meishij.net/zuofa/yumishanyaodunpaigu_2.html', 1, '2021-09-17 13:46:45', '2025-05-27 23:49:43');
INSERT INTO `recipe_list` VALUES ('628cedf8-56c7-4369-a25b-b6352d49f484', 0, 'https://ggh-meishijie.oss-cn-shenzhen.aliyuncs.com/recipe/%E9%BB%91%E7%B3%AF%E7%B1%B3%E5%8F%91%E9%9D%A2%E9%A5%BC/cover.jpg', NULL, '黑糯米发面饼', 0, 3606, '烙', '甜味', '30分钟', '新手尝试', 'https://www.meishij.net/ajax/qrcode_wap.php?i=1947779', '中筋面粉:250克;花生油:10克;白糖:10克;清水:140克;酵母:2克;', '黑糯米:1/2杯;糯米:1杯;油:1大匙;', 2, '697a0285-b951-8259-49b1-0246e1ea550a', '非常香软的糯米馅饼，放凉了饼皮也不会变硬。馅也很好吃，软糯有黑糯米的米香味。喜欢糯米食品的可以试一下。', 'https://ggh-meishijie.oss-cn-shenzhen.aliyuncs.com/recipe/%E9%BB%91%E7%B3%AF%E7%B1%B3%E5%8F%91%E9%9D%A2%E9%A5%BC/finish1.jpg;https://ggh-meishijie.oss-cn-shenzhen.aliyuncs.com/recipe/%E9%BB%91%E7%B3%AF%E7%B1%B3%E5%8F%91%E9%9D%A2%E9%A5%BC/finish2.jpg;', 'https://ggh-meishijie.oss-cn-shenzhen.aliyuncs.com/recipe/%E9%BB%91%E7%B3%AF%E7%B1%B3%E5%8F%91%E9%9D%A2%E9%A5%BC/step1.jpg,把米洗净浸泡一夜，加入比平时蒸饭少点的水蒸成米饭。;https://ggh-meishijie.oss-cn-shenzhen.aliyuncs.com/recipe/%E9%BB%91%E7%B3%AF%E7%B1%B3%E5%8F%91%E9%9D%A2%E9%A5%BC/step2.jpg,炒锅放1大匙油烧热，放入糯米饭，放适量白糖，小火翻炒一会，炒到米饭把糖和油全部吸收抱团，放凉备用。;https://ggh-meishijie.oss-cn-shenzhen.aliyuncs.com/recipe/%E9%BB%91%E7%B3%AF%E7%B1%B3%E5%8F%91%E9%9D%A2%E9%A5%BC/step3.jpg,把主材料放入盆中，揉成软一点的面团发酵到两倍大。;https://ggh-meishijie.oss-cn-shenzhen.aliyuncs.com/recipe/%E9%BB%91%E7%B3%AF%E7%B1%B3%E5%8F%91%E9%9D%A2%E9%A5%BC/step4.jpg,发酵好的面团稍微揉匀，分成8份。;https://ggh-meishijie.oss-cn-shenzhen.aliyuncs.com/recipe/%E9%BB%91%E7%B3%AF%E7%B1%B3%E5%8F%91%E9%9D%A2%E9%A5%BC/step5.jpg,擀皮。;https://ggh-meishijie.oss-cn-shenzhen.aliyuncs.com/recipe/%E9%BB%91%E7%B3%AF%E7%B1%B3%E5%8F%91%E9%9D%A2%E9%A5%BC/step6.jpg,放上糯米馅。多放一点，皮薄馅多好吃。我差不多放了45克。;https://ggh-meishijie.oss-cn-shenzhen.aliyuncs.com/recipe/%E9%BB%91%E7%B3%AF%E7%B1%B3%E5%8F%91%E9%9D%A2%E9%A5%BC/step7.jpg,擀成博饼。糯米做馅不容易擀破，所以擀薄一点。;https://ggh-meishijie.oss-cn-shenzhen.aliyuncs.com/recipe/%E9%BB%91%E7%B3%AF%E7%B1%B3%E5%8F%91%E9%9D%A2%E9%A5%BC/step8.jpg,平底锅刷油烧热，饼坯两面也刷点油，放入锅中。;https://ggh-meishijie.oss-cn-shenzhen.aliyuncs.com/recipe/%E9%BB%91%E7%B3%AF%E7%B1%B3%E5%8F%91%E9%9D%A2%E9%A5%BC/step9.jpg,盖盖烙，小火两面金黄即可。;', '糯米不好消化，一次不要吃太多。', 'https://www.meishij.net/zuofa/heinuomifamianbing.html', 1, '2021-09-17 13:56:40', '2025-06-07 17:35:59');
INSERT INTO `recipe_list` VALUES ('80e36825-2dc1-4a68-bedb-2cd28284db90', 0, 'https://ggh-meishijie.oss-cn-shenzhen.aliyuncs.com/recipe/%E9%A6%99%E7%85%8E%E9%BB%91%E6%A4%92%E6%9D%8F%E9%B2%8D%E8%8F%87/cover.jpg', NULL, '香煎黑椒杏鲍菇', 1751, 11902, '煎', '家常味', '5分钟', '初级入门', 'https://www.meishij.net/ajax/qrcode_wap.php?i=1896619', '杏鲍菇:1个;', '油:1勺;盐:1小勺;黑胡椒粉:2克;', 3, 'e073d969-3e2b-5334-0abe-3ef357c7d940', '将杏鲍菇切薄片，然后用平底锅煎熟之后撒上黑胡椒粉，换个方式吃杏鲍菇，有木有吃西餐的赶脚，呵呵。比起简单的炒菜来，口感大有不同哦，不妨试试看吧。', 'https://ggh-meishijie.oss-cn-shenzhen.aliyuncs.com/recipe/%E9%A6%99%E7%85%8E%E9%BB%91%E6%A4%92%E6%9D%8F%E9%B2%8D%E8%8F%87/finish1.jpg;https://ggh-meishijie.oss-cn-shenzhen.aliyuncs.com/recipe/%E9%A6%99%E7%85%8E%E9%BB%91%E6%A4%92%E6%9D%8F%E9%B2%8D%E8%8F%87/finish2.jpg;https://ggh-meishijie.oss-cn-shenzhen.aliyuncs.com/recipe/%E9%A6%99%E7%85%8E%E9%BB%91%E6%A4%92%E6%9D%8F%E9%B2%8D%E8%8F%87/finish3.jpg;https://ggh-meishijie.oss-cn-shenzhen.aliyuncs.com/recipe/%E9%A6%99%E7%85%8E%E9%BB%91%E6%A4%92%E6%9D%8F%E9%B2%8D%E8%8F%87/finish4.jpg;', 'https://ggh-meishijie.oss-cn-shenzhen.aliyuncs.com/recipe/%E9%A6%99%E7%85%8E%E9%BB%91%E6%A4%92%E6%9D%8F%E9%B2%8D%E8%8F%87/step1.jpg,杏鲍菇一个;https://ggh-meishijie.oss-cn-shenzhen.aliyuncs.com/recipe/%E9%A6%99%E7%85%8E%E9%BB%91%E6%A4%92%E6%9D%8F%E9%B2%8D%E8%8F%87/step2.jpg,将杏鲍菇切片;https://ggh-meishijie.oss-cn-shenzhen.aliyuncs.com/recipe/%E9%A6%99%E7%85%8E%E9%BB%91%E6%A4%92%E6%9D%8F%E9%B2%8D%E8%8F%87/step3.jpg,平底锅热油;https://ggh-meishijie.oss-cn-shenzhen.aliyuncs.com/recipe/%E9%A6%99%E7%85%8E%E9%BB%91%E6%A4%92%E6%9D%8F%E9%B2%8D%E8%8F%87/step4.jpg,将杏鲍菇片摆入锅中;https://ggh-meishijie.oss-cn-shenzhen.aliyuncs.com/recipe/%E9%A6%99%E7%85%8E%E9%BB%91%E6%A4%92%E6%9D%8F%E9%B2%8D%E8%8F%87/step5.jpg,将两面煎至微黄成熟;https://ggh-meishijie.oss-cn-shenzhen.aliyuncs.com/recipe/%E9%A6%99%E7%85%8E%E9%BB%91%E6%A4%92%E6%9D%8F%E9%B2%8D%E8%8F%87/step6.jpg,撒一点盐;https://ggh-meishijie.oss-cn-shenzhen.aliyuncs.com/recipe/%E9%A6%99%E7%85%8E%E9%BB%91%E6%A4%92%E6%9D%8F%E9%B2%8D%E8%8F%87/step7.jpg,最后撒一些黑胡椒粉就可以吃啦;', '小火慢煎', 'https://www.meishij.net/zuofa/xiangjianheijiaoxingbaogu_8.html', 1, '2021-09-17 13:56:59', '2025-06-07 18:34:28');
INSERT INTO `recipe_list` VALUES ('897414eb-2ce4-44cf-b137-b5a203deef3d', 0, 'https://ggh-meishijie.oss-cn-shenzhen.aliyuncs.com/recipe/%E9%B2%9C%E5%A7%9C%E6%A9%99%E5%AD%90%E6%B8%A9%E6%9A%96%E5%86%AC%E6%97%A5/cover.jpg', NULL, '鲜姜橙子温暖冬日', 3, 16400, '榨汁', '姜汁味', '5分钟', '新手尝试', 'https://www.meishij.net/ajax/qrcode_wap.php?i=1878255', '橙子:2个;苹果:2个;', '姜:1块;', 3, '2b4cef1a-0d2c-4698-fc5b-8e4f1f1d2977', '你讨厌吃生姜吗？是的，我很讨厌。那你讨厌生病吗？好吧，我更讨厌。冬天很冷，独自租的房子最怕发烧咳嗽，难受又懒得去医院。橙子和生姜一起打汁可以减少生姜的刺激，生姜和橙子都有助于止咳，在冬天简直是温暖到心里的果汁了，加点苹果调味。我想你应该会需要的，善待独自生活的你。', 'https://ggh-meishijie.oss-cn-shenzhen.aliyuncs.com/recipe/%E9%B2%9C%E5%A7%9C%E6%A9%99%E5%AD%90%E6%B8%A9%E6%9A%96%E5%86%AC%E6%97%A5/finish1.jpg;https://ggh-meishijie.oss-cn-shenzhen.aliyuncs.com/recipe/%E9%B2%9C%E5%A7%9C%E6%A9%99%E5%AD%90%E6%B8%A9%E6%9A%96%E5%86%AC%E6%97%A5/finish2.jpg;', 'https://ggh-meishijie.oss-cn-shenzhen.aliyuncs.com/recipe/%E9%B2%9C%E5%A7%9C%E6%A9%99%E5%AD%90%E6%B8%A9%E6%9A%96%E5%86%AC%E6%97%A5/step1.jpg,准备好所有食材;https://ggh-meishijie.oss-cn-shenzhen.aliyuncs.com/recipe/%E9%B2%9C%E5%A7%9C%E6%A9%99%E5%AD%90%E6%B8%A9%E6%9A%96%E5%86%AC%E6%97%A5/step2.jpg,橙子去皮切块，苹果去皮切块，生姜去皮;https://ggh-meishijie.oss-cn-shenzhen.aliyuncs.com/recipe/%E9%B2%9C%E5%A7%9C%E6%A9%99%E5%AD%90%E6%B8%A9%E6%9A%96%E5%86%AC%E6%97%A5/step3.jpg,将处理好的食材都放入料理杯内;https://ggh-meishijie.oss-cn-shenzhen.aliyuncs.com/recipe/%E9%B2%9C%E5%A7%9C%E6%A9%99%E5%AD%90%E6%B8%A9%E6%9A%96%E5%86%AC%E6%97%A5/step4.jpg,选择蔬果键运行结束;https://ggh-meishijie.oss-cn-shenzhen.aliyuncs.com/recipe/%E9%B2%9C%E5%A7%9C%E6%A9%99%E5%AD%90%E6%B8%A9%E6%9A%96%E5%86%AC%E6%97%A5/step5.jpg,倒出即可饮用;', '1、根据自己的口味可以加蜂蜜调味\n2、做完之后尽快饮用哦\n3、冬天要注意保暖小心感冒呢', 'https://www.meishij.net/zuofa/xianjiangchengziwennuandongri.html', 1, '2021-09-17 13:57:09', '2025-06-07 18:43:47');
INSERT INTO `recipe_list` VALUES ('92483c8f-9c61-44c9-808c-46ecccb2d675', 0, 'https://ggh-meishijie.oss-cn-shenzhen.aliyuncs.com/recipe/%E6%9E%A3%E6%B3%A5%E7%B4%AB%E8%96%AF%E9%BA%BB%E7%90%83/cover.jpg', NULL, '枣泥紫薯麻球', 4, 20211, '煎', '甜味', '2小时', '未知', 'https://www.meishij.net/ajax/qrcode_wap.php?i=1872139', '糯米粉:250克;枣泥:150克;紫薯:200克;', '油:适量;白芝麻:适量;', 3, 'ead46b75-8f9a-7f51-c3fe-32cb23fa1160', '自制的枣泥，喜欢紫薯的颜色，用过两食材搭配做了枣泥紫薯麻球', 'https://ggh-meishijie.oss-cn-shenzhen.aliyuncs.com/recipe/%E6%9E%A3%E6%B3%A5%E7%B4%AB%E8%96%AF%E9%BA%BB%E7%90%83/finish1.jpg;https://ggh-meishijie.oss-cn-shenzhen.aliyuncs.com/recipe/%E6%9E%A3%E6%B3%A5%E7%B4%AB%E8%96%AF%E9%BA%BB%E7%90%83/finish2.jpg;https://ggh-meishijie.oss-cn-shenzhen.aliyuncs.com/recipe/%E6%9E%A3%E6%B3%A5%E7%B4%AB%E8%96%AF%E9%BA%BB%E7%90%83/finish3.jpg;', 'https://ggh-meishijie.oss-cn-shenzhen.aliyuncs.com/recipe/%E6%9E%A3%E6%B3%A5%E7%B4%AB%E8%96%AF%E9%BA%BB%E7%90%83/step1.jpg,所有食材;https://ggh-meishijie.oss-cn-shenzhen.aliyuncs.com/recipe/%E6%9E%A3%E6%B3%A5%E7%B4%AB%E8%96%AF%E9%BA%BB%E7%90%83/step2.jpg,紫薯洗净煮熟;https://ggh-meishijie.oss-cn-shenzhen.aliyuncs.com/recipe/%E6%9E%A3%E6%B3%A5%E7%B4%AB%E8%96%AF%E9%BA%BB%E7%90%83/step3.jpg,煮熟的紫薯去皮捣泥再煮开;https://ggh-meishijie.oss-cn-shenzhen.aliyuncs.com/recipe/%E6%9E%A3%E6%B3%A5%E7%B4%AB%E8%96%AF%E9%BA%BB%E7%90%83/step4.jpg,煮开的紫薯泥倒入糯米粉中搅拌;https://ggh-meishijie.oss-cn-shenzhen.aliyuncs.com/recipe/%E6%9E%A3%E6%B3%A5%E7%B4%AB%E8%96%AF%E9%BA%BB%E7%90%83/step5.jpg,揉成光滑面团;https://ggh-meishijie.oss-cn-shenzhen.aliyuncs.com/recipe/%E6%9E%A3%E6%B3%A5%E7%B4%AB%E8%96%AF%E9%BA%BB%E7%90%83/step6.jpg,取一面团揉成碗状，放入枣泥;https://ggh-meishijie.oss-cn-shenzhen.aliyuncs.com/recipe/%E6%9E%A3%E6%B3%A5%E7%B4%AB%E8%96%AF%E9%BA%BB%E7%90%83/step7.jpg,收口揉成圆团;https://ggh-meishijie.oss-cn-shenzhen.aliyuncs.com/recipe/%E6%9E%A3%E6%B3%A5%E7%B4%AB%E8%96%AF%E9%BA%BB%E7%90%83/step8.jpg,再滚上白芝麻;https://ggh-meishijie.oss-cn-shenzhen.aliyuncs.com/recipe/%E6%9E%A3%E6%B3%A5%E7%B4%AB%E8%96%AF%E9%BA%BB%E7%90%83/step9.jpg,起油锅加热，放入麻球用小火慢慢煎;https://ggh-meishijie.oss-cn-shenzhen.aliyuncs.com/recipe/%E6%9E%A3%E6%B3%A5%E7%B4%AB%E8%96%AF%E9%BA%BB%E7%90%83/step10.jpg,煎至麻球上浮彭涨即出锅;', '煎时要小火慢慢煎', 'https://www.meishij.net/zuofa/zaonizishumaqiu.html', 1, '2021-09-17 13:48:38', '2025-06-01 14:17:28');
INSERT INTO `recipe_list` VALUES ('9a7c3fe4-0abe-4e85-8623-bd906a459e6f', 1, 'https://ggh-meishijie.oss-cn-shenzhen.aliyuncs.com/recipe/%E8%85%8C%E5%88%B6%E8%BE%A3%E7%99%BD%E8%8F%9C/cover.jpg', 'https://ggh-meishijie.oss-cn-shenzhen.aliyuncs.com/recipe/%E8%85%8C%E5%88%B6%E8%BE%A3%E7%99%BD%E8%8F%9C/video.mp4', '腌制辣白菜', 1, 3443, '腌', '家常味', '90分钟', '新手尝试', 'https://www.meishij.net/ajax/qrcode_wap.php?i=1956797', '白菜:1颗;苹果:1个;雪梨:1个;白萝卜:半根;蒜苗:3根;虾皮:30克;', '糯米粉:200克;水:150克;辣椒粉:200克;糖:2勺;盐:3勺;姜:30克;蒜:30克;', 2, 'af8c94b0-7fc0-88c8-7f81-aed4d7df24cc', '每逢过年都会腌制一些菜，今天做个韩式辣白菜，做法很简单哦', 'https://ggh-meishijie.oss-cn-shenzhen.aliyuncs.com/recipe/%E8%85%8C%E5%88%B6%E8%BE%A3%E7%99%BD%E8%8F%9C/finish1.jpg;https://ggh-meishijie.oss-cn-shenzhen.aliyuncs.com/recipe/%E8%85%8C%E5%88%B6%E8%BE%A3%E7%99%BD%E8%8F%9C/finish2.jpg;', 'https://ggh-meishijie.oss-cn-shenzhen.aliyuncs.com/recipe/%E8%85%8C%E5%88%B6%E8%BE%A3%E7%99%BD%E8%8F%9C/step1.jpg,白菜一颗;https://ggh-meishijie.oss-cn-shenzhen.aliyuncs.com/recipe/%E8%85%8C%E5%88%B6%E8%BE%A3%E7%99%BD%E8%8F%9C/step2.jpg,切成2半，涂抹上盐，腌制4个小时;https://ggh-meishijie.oss-cn-shenzhen.aliyuncs.com/recipe/%E8%85%8C%E5%88%B6%E8%BE%A3%E7%99%BD%E8%8F%9C/step3.jpg,准备酱料的食材;https://ggh-meishijie.oss-cn-shenzhen.aliyuncs.com/recipe/%E8%85%8C%E5%88%B6%E8%BE%A3%E7%99%BD%E8%8F%9C/step4.jpg,白萝卜，蒜苗切丝;https://ggh-meishijie.oss-cn-shenzhen.aliyuncs.com/recipe/%E8%85%8C%E5%88%B6%E8%BE%A3%E7%99%BD%E8%8F%9C/step5.jpg,糯米粉用水煮开;https://ggh-meishijie.oss-cn-shenzhen.aliyuncs.com/recipe/%E8%85%8C%E5%88%B6%E8%BE%A3%E7%99%BD%E8%8F%9C/step6.jpg,加入辣椒粉，虾皮，姜蒜沫;https://ggh-meishijie.oss-cn-shenzhen.aliyuncs.com/recipe/%E8%85%8C%E5%88%B6%E8%BE%A3%E7%99%BD%E8%8F%9C/step7.jpg,放入白萝卜，苹果，梨和蒜苗;https://ggh-meishijie.oss-cn-shenzhen.aliyuncs.com/recipe/%E8%85%8C%E5%88%B6%E8%BE%A3%E7%99%BD%E8%8F%9C/step8.jpg,拌匀后加入糖和盐;https://ggh-meishijie.oss-cn-shenzhen.aliyuncs.com/recipe/%E8%85%8C%E5%88%B6%E8%BE%A3%E7%99%BD%E8%8F%9C/step9.jpg,搅拌均匀，涂抹到白菜上;https://ggh-meishijie.oss-cn-shenzhen.aliyuncs.com/recipe/%E8%85%8C%E5%88%B6%E8%BE%A3%E7%99%BD%E8%8F%9C/step10.jpg,放入容器里，密封腌制3-5天。;', '', 'https://www.meishij.net/zuofa/yanzhilabaicai.html', 1, '2021-09-17 13:53:17', '2025-05-13 00:40:32');
INSERT INTO `recipe_list` VALUES ('9a8ca8a3-a896-478f-8a6f-b3df8b783754', 0, 'https://ggh-meishijie.oss-cn-shenzhen.aliyuncs.com/recipe/%E5%A4%A7%E7%90%86%E7%9F%B3%E6%88%9A%E9%A3%8E%E8%9B%8B%E7%B3%95/cover.jpg', NULL, '大理石戚风蛋糕', 3, 8831, '烘焙', '甜味', '60分钟', '初级入门', 'https://www.meishij.net/ajax/qrcode_wap.php?i=615152', '鸡蛋:3个;低筋面粉:68克;砂糖:45克;', '色拉油:10克;咖啡粉:5克;牛奶:30克;', 2, 'ebc6ca26-233d-ef4e-9bc5-8781395298e3', '我们家人都喜欢素面朝天的蛋糕，不用太多的装饰，简简单单就很好~我自己吧最喜欢戚风蛋糕，虽然不像奶油蛋糕那么好看，但是可以用~手~掰~着~大块大块的吃，十分符合我的风格哈哈~但是一个素面朝天的戚风蛋糕也不算怎么好看，索性来个双色的大理石戚风蛋糕吧！', 'https://ggh-meishijie.oss-cn-shenzhen.aliyuncs.com/recipe/%E5%A4%A7%E7%90%86%E7%9F%B3%E6%88%9A%E9%A3%8E%E8%9B%8B%E7%B3%95/finish1.jpg;https://ggh-meishijie.oss-cn-shenzhen.aliyuncs.com/recipe/%E5%A4%A7%E7%90%86%E7%9F%B3%E6%88%9A%E9%A3%8E%E8%9B%8B%E7%B3%95/finish2.jpg;https://ggh-meishijie.oss-cn-shenzhen.aliyuncs.com/recipe/%E5%A4%A7%E7%90%86%E7%9F%B3%E6%88%9A%E9%A3%8E%E8%9B%8B%E7%B3%95/finish3.jpg;https://ggh-meishijie.oss-cn-shenzhen.aliyuncs.com/recipe/%E5%A4%A7%E7%90%86%E7%9F%B3%E6%88%9A%E9%A3%8E%E8%9B%8B%E7%B3%95/finish4.jpg;', 'https://ggh-meishijie.oss-cn-shenzhen.aliyuncs.com/recipe/%E5%A4%A7%E7%90%86%E7%9F%B3%E6%88%9A%E9%A3%8E%E8%9B%8B%E7%B3%95/step1.jpg,蛋黄和蛋白分开，蛋白放到无水无油的盆里面;https://ggh-meishijie.oss-cn-shenzhen.aliyuncs.com/recipe/%E5%A4%A7%E7%90%86%E7%9F%B3%E6%88%9A%E9%A3%8E%E8%9B%8B%E7%B3%95/step2.jpg,三个蛋黄先放到一起打碎之后分到两个小盆里面;https://ggh-meishijie.oss-cn-shenzhen.aliyuncs.com/recipe/%E5%A4%A7%E7%90%86%E7%9F%B3%E6%88%9A%E9%A3%8E%E8%9B%8B%E7%B3%95/step3.jpg,白蛋糕糊的所有配料放进盆里面，其中，白色蛋糕糊：蛋黄1.5个、低筋粉35克、牛奶15克、色拉油1小勺;https://ggh-meishijie.oss-cn-shenzhen.aliyuncs.com/recipe/%E5%A4%A7%E7%90%86%E7%9F%B3%E6%88%9A%E9%A3%8E%E8%9B%8B%E7%B3%95/step4.jpg,手动打蛋器搅拌均匀;https://ggh-meishijie.oss-cn-shenzhen.aliyuncs.com/recipe/%E5%A4%A7%E7%90%86%E7%9F%B3%E6%88%9A%E9%A3%8E%E8%9B%8B%E7%B3%95/step5.jpg,咖啡蛋糕糊所有配料放进盆里面，其中，咖啡蛋糕糊：蛋黄1.5个、咖啡粉5克、低筋粉33克、牛奶15克、色拉油1小勺;https://ggh-meishijie.oss-cn-shenzhen.aliyuncs.com/recipe/%E5%A4%A7%E7%90%86%E7%9F%B3%E6%88%9A%E9%A3%8E%E8%9B%8B%E7%B3%95/step6.jpg,手动打蛋器搅拌均匀;https://ggh-meishijie.oss-cn-shenzhen.aliyuncs.com/recipe/%E5%A4%A7%E7%90%86%E7%9F%B3%E6%88%9A%E9%A3%8E%E8%9B%8B%E7%B3%95/step7.jpg,现在开始打发蛋清，打蛋器的头也要无油无水哦;https://ggh-meishijie.oss-cn-shenzhen.aliyuncs.com/recipe/%E5%A4%A7%E7%90%86%E7%9F%B3%E6%88%9A%E9%A3%8E%E8%9B%8B%E7%B3%95/step8.jpg,先直接低速搅打，打到粗泡;https://ggh-meishijie.oss-cn-shenzhen.aliyuncs.com/recipe/%E5%A4%A7%E7%90%86%E7%9F%B3%E6%88%9A%E9%A3%8E%E8%9B%8B%E7%B3%95/step9.jpg,加入15g砂糖;https://ggh-meishijie.oss-cn-shenzhen.aliyuncs.com/recipe/%E5%A4%A7%E7%90%86%E7%9F%B3%E6%88%9A%E9%A3%8E%E8%9B%8B%E7%B3%95/step10.jpg,打到细腻泡沫;https://ggh-meishijie.oss-cn-shenzhen.aliyuncs.com/recipe/%E5%A4%A7%E7%90%86%E7%9F%B3%E6%88%9A%E9%A3%8E%E8%9B%8B%E7%B3%95/step11.jpg,加入15g砂糖;https://ggh-meishijie.oss-cn-shenzhen.aliyuncs.com/recipe/%E5%A4%A7%E7%90%86%E7%9F%B3%E6%88%9A%E9%A3%8E%E8%9B%8B%E7%B3%95/step12.jpg,最后达到稍微有纹路;https://ggh-meishijie.oss-cn-shenzhen.aliyuncs.com/recipe/%E5%A4%A7%E7%90%86%E7%9F%B3%E6%88%9A%E9%A3%8E%E8%9B%8B%E7%B3%95/step13.jpg,加入15g砂糖;https://ggh-meishijie.oss-cn-shenzhen.aliyuncs.com/recipe/%E5%A4%A7%E7%90%86%E7%9F%B3%E6%88%9A%E9%A3%8E%E8%9B%8B%E7%B3%95/step14.jpg,然后开高速搅打，一直到有直立的尖尖小角九分发状态，为了避免大泡沫，换成低速十几秒;https://ggh-meishijie.oss-cn-shenzhen.aliyuncs.com/recipe/%E5%A4%A7%E7%90%86%E7%9F%B3%E6%88%9A%E9%A3%8E%E8%9B%8B%E7%B3%95/step15.jpg,先把蛋白分成两半，然后拿一半里面三分之一的的蛋白放进蛋黄糊里面;https://ggh-meishijie.oss-cn-shenzhen.aliyuncs.com/recipe/%E5%A4%A7%E7%90%86%E7%9F%B3%E6%88%9A%E9%A3%8E%E8%9B%8B%E7%B3%95/step16.jpg,先拌均匀蛋黄糊，倒回蛋白糊里面，上下翻拌均匀，千万不要画圈哦;https://ggh-meishijie.oss-cn-shenzhen.aliyuncs.com/recipe/%E5%A4%A7%E7%90%86%E7%9F%B3%E6%88%9A%E9%A3%8E%E8%9B%8B%E7%B3%95/step17.jpg,蛋糕糊拌好的样子;https://ggh-meishijie.oss-cn-shenzhen.aliyuncs.com/recipe/%E5%A4%A7%E7%90%86%E7%9F%B3%E6%88%9A%E9%A3%8E%E8%9B%8B%E7%B3%95/step18.jpg,咖啡色蛋糕糊也是同样，拿一半里面三分之一的的蛋白放进蛋黄糊里;https://ggh-meishijie.oss-cn-shenzhen.aliyuncs.com/recipe/%E5%A4%A7%E7%90%86%E7%9F%B3%E6%88%9A%E9%A3%8E%E8%9B%8B%E7%B3%95/step19.jpg,先拌均匀蛋黄糊，倒回蛋白糊里面，上下翻拌均匀，千万不要画圈哦;https://ggh-meishijie.oss-cn-shenzhen.aliyuncs.com/recipe/%E5%A4%A7%E7%90%86%E7%9F%B3%E6%88%9A%E9%A3%8E%E8%9B%8B%E7%B3%95/step20.jpg,蛋糕糊拌好的样子;https://ggh-meishijie.oss-cn-shenzhen.aliyuncs.com/recipe/%E5%A4%A7%E7%90%86%E7%9F%B3%E6%88%9A%E9%A3%8E%E8%9B%8B%E7%B3%95/step21.jpg,然后先把咖啡色蛋糕糊从高处倒进模具里面;https://ggh-meishijie.oss-cn-shenzhen.aliyuncs.com/recipe/%E5%A4%A7%E7%90%86%E7%9F%B3%E6%88%9A%E9%A3%8E%E8%9B%8B%E7%B3%95/step22.jpg,白色蛋糕糊盖在上面;https://ggh-meishijie.oss-cn-shenzhen.aliyuncs.com/recipe/%E5%A4%A7%E7%90%86%E7%9F%B3%E6%88%9A%E9%A3%8E%E8%9B%8B%E7%B3%95/step23.jpg,见证奇迹的时刻！刮刀稍微拌一下，不要太均匀;https://ggh-meishijie.oss-cn-shenzhen.aliyuncs.com/recipe/%E5%A4%A7%E7%90%86%E7%9F%B3%E6%88%9A%E9%A3%8E%E8%9B%8B%E7%B3%95/step24.jpg,高处磕几下，放到最底层，上火140度下火155度，45分钟即可！出炉后记得马上倒扣！;', '', 'https://www.meishij.net/zuofa/dalishiqifengdangao_3.html', 1, '2021-09-17 13:59:01', '2025-06-08 15:19:55');
INSERT INTO `recipe_list` VALUES ('a3003d22-7660-44f6-993b-03313076268b', 0, 'https://ggh-meishijie.oss-cn-shenzhen.aliyuncs.com/recipe/%E5%BE%AE%E6%B3%A2%E7%82%89%E7%89%88%E5%87%89%E6%8B%8C%E8%92%B8%E8%8C%84%E5%AD%90/cover.jpg', NULL, '微波炉版凉拌蒸茄子', 10, 9268, '蒸', '家常味', '30分钟', '初级入门', 'https://www.meishij.net/ajax/qrcode_wap.php?i=1648792', '茄子(紫皮，长):1个;', '油:1大勺;盐:1/2勺;小葱:1根;生抽:1/4勺;醋:2大勺;柠檬沙拉汁:1/4勺;', 2, '4aefcad8-ee29-e6f0-a182-8e30b4aaf0c4', '家常味，最经典！', 'https://ggh-meishijie.oss-cn-shenzhen.aliyuncs.com/recipe/%E5%BE%AE%E6%B3%A2%E7%82%89%E7%89%88%E5%87%89%E6%8B%8C%E8%92%B8%E8%8C%84%E5%AD%90/finish1.jpg;https://ggh-meishijie.oss-cn-shenzhen.aliyuncs.com/recipe/%E5%BE%AE%E6%B3%A2%E7%82%89%E7%89%88%E5%87%89%E6%8B%8C%E8%92%B8%E8%8C%84%E5%AD%90/finish2.jpg;', 'https://ggh-meishijie.oss-cn-shenzhen.aliyuncs.com/recipe/%E5%BE%AE%E6%B3%A2%E7%82%89%E7%89%88%E5%87%89%E6%8B%8C%E8%92%B8%E8%8C%84%E5%AD%90/step1.jpg,材料;https://ggh-meishijie.oss-cn-shenzhen.aliyuncs.com/recipe/%E5%BE%AE%E6%B3%A2%E7%82%89%E7%89%88%E5%87%89%E6%8B%8C%E8%92%B8%E8%8C%84%E5%AD%90/step2.jpg,茄子切片，放进微波炉自带的微波蒸宝;https://ggh-meishijie.oss-cn-shenzhen.aliyuncs.com/recipe/%E5%BE%AE%E6%B3%A2%E7%82%89%E7%89%88%E5%87%89%E6%8B%8C%E8%92%B8%E8%8C%84%E5%AD%90/step3.jpg,放进微波炉，高火，10分钟;https://ggh-meishijie.oss-cn-shenzhen.aliyuncs.com/recipe/%E5%BE%AE%E6%B3%A2%E7%82%89%E7%89%88%E5%87%89%E6%8B%8C%E8%92%B8%E8%8C%84%E5%AD%90/step4.jpg,蒸软的茄子用纱布包裹挤去水分;https://ggh-meishijie.oss-cn-shenzhen.aliyuncs.com/recipe/%E5%BE%AE%E6%B3%A2%E7%82%89%E7%89%88%E5%87%89%E6%8B%8C%E8%92%B8%E8%8C%84%E5%AD%90/step5.jpg,将茄子撕条;https://ggh-meishijie.oss-cn-shenzhen.aliyuncs.com/recipe/%E5%BE%AE%E6%B3%A2%E7%82%89%E7%89%88%E5%87%89%E6%8B%8C%E8%92%B8%E8%8C%84%E5%AD%90/step6.jpg,小葱切碎放上，大蒜拍碎放上;https://ggh-meishijie.oss-cn-shenzhen.aliyuncs.com/recipe/%E5%BE%AE%E6%B3%A2%E7%82%89%E7%89%88%E5%87%89%E6%8B%8C%E8%92%B8%E8%8C%84%E5%AD%90/step7.jpg,炒锅烧油，放入花椒炸花椒油;https://ggh-meishijie.oss-cn-shenzhen.aliyuncs.com/recipe/%E5%BE%AE%E6%B3%A2%E7%82%89%E7%89%88%E5%87%89%E6%8B%8C%E8%92%B8%E8%8C%84%E5%AD%90/step8.jpg,将炸好的花椒油趁热浇在大蒜和小葱上，调入生抽、醋、柠檬沙拉汁和适量盐，搅拌均匀即可;', '提示：\n1、茄子不要蒸的过软。\n2、浇上花椒油很香哦！', 'https://www.meishij.net/zuofa/weibolubanliangbanzhengqiezi.html', 1, '2021-09-17 13:50:09', '2025-06-07 16:45:49');
INSERT INTO `recipe_list` VALUES ('a502c2fc-20f6-40b9-b2d9-a056da783dca', 0, 'https://ggh-meishijie.oss-cn-shenzhen.aliyuncs.com/recipe/%E9%A6%92%E5%A4%B4%E6%8A%AB%E8%90%A8/cover.jpg', NULL, '馒头披萨', 4, 4440, '烘焙', '咸鲜味', '30分钟', '中级掌勺', 'https://www.meishij.net/ajax/qrcode_wap.php?i=1914371', '大虾:三只;馒头:一个;', '芝士:30克;番茄酱:20克;火腿:适量;', 1, '8a424df1-137a-a5bb-e348-9d9898174961', '馒头披萨是一种很多人都喜欢吃的美食，那么如何做馒头披萨才好吃呢？关于这个问题，小编就和大家分享一下我的经验，希望能够帮助到大家。如果大家喜欢小编的文章，记得关注小编并转发哦！谢谢大家！', 'https://ggh-meishijie.oss-cn-shenzhen.aliyuncs.com/recipe/%E9%A6%92%E5%A4%B4%E6%8A%AB%E8%90%A8/finish1.jpg;https://ggh-meishijie.oss-cn-shenzhen.aliyuncs.com/recipe/%E9%A6%92%E5%A4%B4%E6%8A%AB%E8%90%A8/finish2.jpg;', 'https://ggh-meishijie.oss-cn-shenzhen.aliyuncs.com/recipe/%E9%A6%92%E5%A4%B4%E6%8A%AB%E8%90%A8/step1.jpg,首先准备好所有的食材，如下图所示。小贴士：大虾三只，馒头一个，芝士30克，番茄酱20克，火腿肠适量。;https://ggh-meishijie.oss-cn-shenzhen.aliyuncs.com/recipe/%E9%A6%92%E5%A4%B4%E6%8A%AB%E8%90%A8/step2.jpg,然后将虾去虾线下锅煮熟，如下图所示。;https://ggh-meishijie.oss-cn-shenzhen.aliyuncs.com/recipe/%E9%A6%92%E5%A4%B4%E6%8A%AB%E8%90%A8/step3.jpg,接着将馒头切成薄片涂抹上番茄酱，如下图所示。;https://ggh-meishijie.oss-cn-shenzhen.aliyuncs.com/recipe/%E9%A6%92%E5%A4%B4%E6%8A%AB%E8%90%A8/step4.jpg,然后将芝士和火腿肠一起平铺在表面，如下图所示。;https://ggh-meishijie.oss-cn-shenzhen.aliyuncs.com/recipe/%E9%A6%92%E5%A4%B4%E6%8A%AB%E8%90%A8/step5.jpg,接着将做好的馒头披萨放到烤盘中，之后放入烤箱，上下火180°烤15到20分钟就可以了。;https://ggh-meishijie.oss-cn-shenzhen.aliyuncs.com/recipe/%E9%A6%92%E5%A4%B4%E6%8A%AB%E8%90%A8/step6.jpg,一道美味可口的馒头披萨就做好了，希望大家能够喜欢。你学会了吗？赶快动手试一试吧。如果大家对小编的做法有什么好的建议或者是不同的看法，欢迎大家给小编留言，谢谢大家。记得关注小编，转发小编的作品。小编将一如既往的给大家提供美食教程，你的支持将是小编创作最大的动力。;', '', 'https://www.meishij.net/zuofa/mantoupisa_4.html', 1, '2021-09-17 13:45:42', '2025-05-27 22:58:52');
INSERT INTO `recipe_list` VALUES ('a53c66db-98f8-4bf3-abf9-baa282562b3c', 1, 'https://ggh-meishijie.oss-cn-shenzhen.aliyuncs.com/recipe/%E5%8D%97%E7%93%9C%E8%9B%8B%E9%BB%84%E5%90%90%E5%8F%B8%EF%BC%8C%E6%AD%A5%E9%AA%A4%E8%AF%A6%E7%BB%86%E8%AE%A9%E4%BD%A0%E5%9C%A8%E5%AE%B6%E8%BD%BB%E6%9D%BE%E5%81%9A/cover.jpg', 'https://ggh-meishijie.oss-cn-shenzhen.aliyuncs.com/recipe/%E5%8D%97%E7%93%9C%E8%9B%8B%E9%BB%84%E5%90%90%E5%8F%B8%EF%BC%8C%E6%AD%A5%E9%AA%A4%E8%AF%A6%E7%BB%86%E8%AE%A9%E4%BD%A0%E5%9C%A8%E5%AE%B6%E8%BD%BB%E6%9D%BE%E5%81%9A/video.mp4', '南瓜蛋黄吐司，步骤详细让你在家轻松做', 0, 1016, '烘焙', '奶香味', '60分钟', '初级入门', 'https://www.meishij.net/ajax/qrcode_wap.php?i=1977524', '高筋面粉:250克;奶粉:10克;蛋黄:40克;淡奶油:60克;炼乳:10克;牛奶:35克;纯净水:25克;黄油:20克;南瓜泥:50克;细砂糖:30克;', '耐高糖酵母:3克;玫瑰海盐:2克;', 1, '70d03df1-8419-bd74-ee3b-9d7969a74291', '面团内南瓜跟蛋黄让吐司的颜色十分吸睛且营养十足，再加上多种奶制品的搭配，柔软拉丝的效果也非常棒，且这款吐司做法步骤很容易掌握，烘焙小白也可以轻松搞定，家里有烤箱，还喜欢吐司的小伙伴真的可以试一试哟!', 'https://ggh-meishijie.oss-cn-shenzhen.aliyuncs.com/recipe/%E5%8D%97%E7%93%9C%E8%9B%8B%E9%BB%84%E5%90%90%E5%8F%B8%EF%BC%8C%E6%AD%A5%E9%AA%A4%E8%AF%A6%E7%BB%86%E8%AE%A9%E4%BD%A0%E5%9C%A8%E5%AE%B6%E8%BD%BB%E6%9D%BE%E5%81%9A/finish1.jpg;https://ggh-meishijie.oss-cn-shenzhen.aliyuncs.com/recipe/%E5%8D%97%E7%93%9C%E8%9B%8B%E9%BB%84%E5%90%90%E5%8F%B8%EF%BC%8C%E6%AD%A5%E9%AA%A4%E8%AF%A6%E7%BB%86%E8%AE%A9%E4%BD%A0%E5%9C%A8%E5%AE%B6%E8%BD%BB%E6%9D%BE%E5%81%9A/finish2.jpg;https://ggh-meishijie.oss-cn-shenzhen.aliyuncs.com/recipe/%E5%8D%97%E7%93%9C%E8%9B%8B%E9%BB%84%E5%90%90%E5%8F%B8%EF%BC%8C%E6%AD%A5%E9%AA%A4%E8%AF%A6%E7%BB%86%E8%AE%A9%E4%BD%A0%E5%9C%A8%E5%AE%B6%E8%BD%BB%E6%9D%BE%E5%81%9A/finish3.jpg;https://ggh-meishijie.oss-cn-shenzhen.aliyuncs.com/recipe/%E5%8D%97%E7%93%9C%E8%9B%8B%E9%BB%84%E5%90%90%E5%8F%B8%EF%BC%8C%E6%AD%A5%E9%AA%A4%E8%AF%A6%E7%BB%86%E8%AE%A9%E4%BD%A0%E5%9C%A8%E5%AE%B6%E8%BD%BB%E6%9D%BE%E5%81%9A/finish4.jpg;', 'https://ggh-meishijie.oss-cn-shenzhen.aliyuncs.com/recipe/%E5%8D%97%E7%93%9C%E8%9B%8B%E9%BB%84%E5%90%90%E5%8F%B8%EF%BC%8C%E6%AD%A5%E9%AA%A4%E8%AF%A6%E7%BB%86%E8%AE%A9%E4%BD%A0%E5%9C%A8%E5%AE%B6%E8%BD%BB%E6%9D%BE%E5%81%9A/step1.jpg,首先准备好全部的食材，称重备用。;https://ggh-meishijie.oss-cn-shenzhen.aliyuncs.com/recipe/%E5%8D%97%E7%93%9C%E8%9B%8B%E9%BB%84%E5%90%90%E5%8F%B8%EF%BC%8C%E6%AD%A5%E9%AA%A4%E8%AF%A6%E7%BB%86%E8%AE%A9%E4%BD%A0%E5%9C%A8%E5%AE%B6%E8%BD%BB%E6%9D%BE%E5%81%9A/step2.jpg,除黄油外的全部食材放入厨师机面桶内，把面团打至粗膜的状态，加入软化好的黄油，继续打至能扯出较为结实的透明薄膜。;https://ggh-meishijie.oss-cn-shenzhen.aliyuncs.com/recipe/%E5%8D%97%E7%93%9C%E8%9B%8B%E9%BB%84%E5%90%90%E5%8F%B8%EF%BC%8C%E6%AD%A5%E9%AA%A4%E8%AF%A6%E7%BB%86%E8%AE%A9%E4%BD%A0%E5%9C%A8%E5%AE%B6%E8%BD%BB%E6%9D%BE%E5%81%9A/step3.jpg,收拢光滑放入盆内，发酵至两倍大。;https://ggh-meishijie.oss-cn-shenzhen.aliyuncs.com/recipe/%E5%8D%97%E7%93%9C%E8%9B%8B%E9%BB%84%E5%90%90%E5%8F%B8%EF%BC%8C%E6%AD%A5%E9%AA%A4%E8%AF%A6%E7%BB%86%E8%AE%A9%E4%BD%A0%E5%9C%A8%E5%AE%B6%E8%BD%BB%E6%9D%BE%E5%81%9A/step4.jpg,将发酵好的面团取出排气，简单收拢光滑后均分成两等分，简单揉搓整圆。;https://ggh-meishijie.oss-cn-shenzhen.aliyuncs.com/recipe/%E5%8D%97%E7%93%9C%E8%9B%8B%E9%BB%84%E5%90%90%E5%8F%B8%EF%BC%8C%E6%AD%A5%E9%AA%A4%E8%AF%A6%E7%BB%86%E8%AE%A9%E4%BD%A0%E5%9C%A8%E5%AE%B6%E8%BD%BB%E6%9D%BE%E5%81%9A/step5.jpg,直接取一个面团，擀长，若有小气泡直接拍掉。;https://ggh-meishijie.oss-cn-shenzhen.aliyuncs.com/recipe/%E5%8D%97%E7%93%9C%E8%9B%8B%E9%BB%84%E5%90%90%E5%8F%B8%EF%BC%8C%E6%AD%A5%E9%AA%A4%E8%AF%A6%E7%BB%86%E8%AE%A9%E4%BD%A0%E5%9C%A8%E5%AE%B6%E8%BD%BB%E6%9D%BE%E5%81%9A/step6.jpg,翻面，自上而下卷起，另一个也同法卷好，然后保鲜膜盖好，再次松弛十分钟。;https://ggh-meishijie.oss-cn-shenzhen.aliyuncs.com/recipe/%E5%8D%97%E7%93%9C%E8%9B%8B%E9%BB%84%E5%90%90%E5%8F%B8%EF%BC%8C%E6%AD%A5%E9%AA%A4%E8%AF%A6%E7%BB%86%E8%AE%A9%E4%BD%A0%E5%9C%A8%E5%AE%B6%E8%BD%BB%E6%9D%BE%E5%81%9A/step7.jpg,取一个擀卷的面团，将其用手掌轻轻压扁，再次用擀面杖轻轻的擀长，自上而下卷起。;https://ggh-meishijie.oss-cn-shenzhen.aliyuncs.com/recipe/%E5%8D%97%E7%93%9C%E8%9B%8B%E9%BB%84%E5%90%90%E5%8F%B8%EF%BC%8C%E6%AD%A5%E9%AA%A4%E8%AF%A6%E7%BB%86%E8%AE%A9%E4%BD%A0%E5%9C%A8%E5%AE%B6%E8%BD%BB%E6%9D%BE%E5%81%9A/step8.jpg,然后放入250g水立方吐司盒内。;https://ggh-meishijie.oss-cn-shenzhen.aliyuncs.com/recipe/%E5%8D%97%E7%93%9C%E8%9B%8B%E9%BB%84%E5%90%90%E5%8F%B8%EF%BC%8C%E6%AD%A5%E9%AA%A4%E8%AF%A6%E7%BB%86%E8%AE%A9%E4%BD%A0%E5%9C%A8%E5%AE%B6%E8%BD%BB%E6%9D%BE%E5%81%9A/step9.jpg,放入烤箱设置38度进行二次发酵，发酵至八分满左右。;https://ggh-meishijie.oss-cn-shenzhen.aliyuncs.com/recipe/%E5%8D%97%E7%93%9C%E8%9B%8B%E9%BB%84%E5%90%90%E5%8F%B8%EF%BC%8C%E6%AD%A5%E9%AA%A4%E8%AF%A6%E7%BB%86%E8%AE%A9%E4%BD%A0%E5%9C%A8%E5%AE%B6%E8%BD%BB%E6%9D%BE%E5%81%9A/step10.jpg,放入提前预热的烤箱下层，上下管180度烘烤35分钟左右，出炉震一下脱模冷却即可。;', '1.面粉品牌不同，吸水量也不同，液体根据面团状态进行调整。 \n2.擀卷时力道要轻柔，如果面团湿度大可以配合少许手粉或者油，少许即可不可过量。  ', 'https://www.meishij.net/zuofa/nanguadanhuangtusibuzhouxiangxirangnizaijiaqingsongzuo.html', 1, '2021-09-17 13:58:38', '2025-06-10 06:35:13');
INSERT INTO `recipe_list` VALUES ('aeb3e08b-9325-44a2-b90d-a5fd8338dda5', 1, 'https://ggh-meishijie.oss-cn-shenzhen.aliyuncs.com/recipe/%E5%92%B8%E9%A6%99%E9%85%A5%E8%84%86%E7%9A%84%E5%92%B8%E8%9B%8B%E9%BB%84%E8%84%86%E7%9A%AE%E8%99%BE/cover.jpg', 'https://ggh-meishijie.oss-cn-shenzhen.aliyuncs.com/recipe/%E5%92%B8%E9%A6%99%E9%85%A5%E8%84%86%E7%9A%84%E5%92%B8%E8%9B%8B%E9%BB%84%E8%84%86%E7%9A%AE%E8%99%BE/video.mp4', '咸香酥脆的咸蛋黄脆皮虾', 0, 2135, '煎', '咸鲜味', '30分钟', '未知', 'https://www.meishij.net/ajax/qrcode_wap.php?i=1979452', '虾:300克;', '咸蛋黄酱:2勺;料酒:1勺;姜:3片;白胡椒粉:1克;淀粉:1勺;盐:2克;', 3, '873b95e9-8964-747b-e302-36bc6c51e569', '今天和大家分享一道咸蛋黄菜式，话说咸蛋黄谁不爱呢？小时候我的梦想就是支持咸蛋黄不要吃蛋清。这道脆皮虾外壳脆脆，虾仁Q弹，再裹上一层咸蛋黄，真的绝了！马上要过年了，在家露一手吧！', 'https://ggh-meishijie.oss-cn-shenzhen.aliyuncs.com/recipe/%E5%92%B8%E9%A6%99%E9%85%A5%E8%84%86%E7%9A%84%E5%92%B8%E8%9B%8B%E9%BB%84%E8%84%86%E7%9A%AE%E8%99%BE/finish1.jpg;https://ggh-meishijie.oss-cn-shenzhen.aliyuncs.com/recipe/%E5%92%B8%E9%A6%99%E9%85%A5%E8%84%86%E7%9A%84%E5%92%B8%E8%9B%8B%E9%BB%84%E8%84%86%E7%9A%AE%E8%99%BE/finish2.jpg;', 'https://ggh-meishijie.oss-cn-shenzhen.aliyuncs.com/recipe/%E5%92%B8%E9%A6%99%E9%85%A5%E8%84%86%E7%9A%84%E5%92%B8%E8%9B%8B%E9%BB%84%E8%84%86%E7%9A%AE%E8%99%BE/step1.jpg,虾摘头去虾线用厨房剪开背。;https://ggh-meishijie.oss-cn-shenzhen.aliyuncs.com/recipe/%E5%92%B8%E9%A6%99%E9%85%A5%E8%84%86%E7%9A%84%E5%92%B8%E8%9B%8B%E9%BB%84%E8%84%86%E7%9A%AE%E8%99%BE/step2.jpg,放入料酒，生姜，白胡椒抓匀腌制一下去腥。;https://ggh-meishijie.oss-cn-shenzhen.aliyuncs.com/recipe/%E5%92%B8%E9%A6%99%E9%85%A5%E8%84%86%E7%9A%84%E5%92%B8%E8%9B%8B%E9%BB%84%E8%84%86%E7%9A%AE%E8%99%BE/step3.jpg,放入一勺淀粉拌匀。;https://ggh-meishijie.oss-cn-shenzhen.aliyuncs.com/recipe/%E5%92%B8%E9%A6%99%E9%85%A5%E8%84%86%E7%9A%84%E5%92%B8%E8%9B%8B%E9%BB%84%E8%84%86%E7%9A%AE%E8%99%BE/step4.jpg,锅内放适量油，把虾煎熟。\n;https://ggh-meishijie.oss-cn-shenzhen.aliyuncs.com/recipe/%E5%92%B8%E9%A6%99%E9%85%A5%E8%84%86%E7%9A%84%E5%92%B8%E8%9B%8B%E9%BB%84%E8%84%86%E7%9A%AE%E8%99%BE/step5.jpg,煎到两面金黄酥脆捞出。;https://ggh-meishijie.oss-cn-shenzhen.aliyuncs.com/recipe/%E5%92%B8%E9%A6%99%E9%85%A5%E8%84%86%E7%9A%84%E5%92%B8%E8%9B%8B%E9%BB%84%E8%84%86%E7%9A%AE%E8%99%BE/step6.jpg,锅里留底油，放两勺咸蛋黄酱。;https://ggh-meishijie.oss-cn-shenzhen.aliyuncs.com/recipe/%E5%92%B8%E9%A6%99%E9%85%A5%E8%84%86%E7%9A%84%E5%92%B8%E8%9B%8B%E9%BB%84%E8%84%86%E7%9A%AE%E8%99%BE/step7.jpg,炒到蛋黄冒小泡泡的时候放入虾。;https://ggh-meishijie.oss-cn-shenzhen.aliyuncs.com/recipe/%E5%92%B8%E9%A6%99%E9%85%A5%E8%84%86%E7%9A%84%E5%92%B8%E8%9B%8B%E9%BB%84%E8%84%86%E7%9A%AE%E8%99%BE/step8.jpg,再加入盐。;https://ggh-meishijie.oss-cn-shenzhen.aliyuncs.com/recipe/%E5%92%B8%E9%A6%99%E9%85%A5%E8%84%86%E7%9A%84%E5%92%B8%E8%9B%8B%E9%BB%84%E8%84%86%E7%9A%AE%E8%99%BE/step9.jpg,翻炒均匀就可以出锅啦！;https://ggh-meishijie.oss-cn-shenzhen.aliyuncs.com/recipe/%E5%92%B8%E9%A6%99%E9%85%A5%E8%84%86%E7%9A%84%E5%92%B8%E8%9B%8B%E9%BB%84%E8%84%86%E7%9A%AE%E8%99%BE/step10.jpg,咸香酥脆，好吃到舔手指。;', '虾的表皮沾上淀粉，油煎了才可以酥酥脆脆，淀粉不能不放哦！', 'https://www.meishij.net/zuofa/xianxiangsucuidexiandanhuangcuipixia.html', 1, '2021-09-17 13:54:48', '2025-06-07 17:01:32');
INSERT INTO `recipe_list` VALUES ('ba067802-84df-481d-b3d1-f831e4ce0f51', 0, 'https://ggh-meishijie.oss-cn-shenzhen.aliyuncs.com/recipe/%E5%9C%9F%E8%B1%86%E8%85%8A%E8%82%A0%E9%A5%AD/cover.jpg', NULL, '土豆腊肠饭', 6, 16508, '煮', '家常味', '60分钟', '中级掌勺', 'https://www.meishij.net/ajax/qrcode_wap.php?i=1824146', '大米:200克;腊肠:1根;土豆:1个;', '植物油:30克;小葱:1颗;大蒜:3瓣;生抽:3勺;香醋:2勺;盐:0.5小勺;细砂糖:0.5小勺;', 2, '7d65490b-1fe4-2ac0-b412-e13ab12de189', '常常听朋友说，家里的小朋友不爱吃米饭。遇着喜欢的菜，就多吃两口；不喜欢的菜，那是一口不吃。米饭那更是一点不吃，朋友总是端着小饭碗一边哄，一边追，就希望自家的小宝贝能多吃点饭。\n朋友很苦恼，问我咋办。我就把这道【土豆腊肠饭】推荐给她。没成想，她家小宝贝不但不挑食，还吃了整整1大碗。不用人哄哦，吃完了还要吃。朋友担心她吃撑，就没再给她添饭。可就在我朋友守着小宝贝吃饭的功夫，这道【土豆腊肠饭】就见底了。还真是全家都抢着吃，去晚了就没了。由此可见，如果你要做这道饭，可千万别煮少了，否则真心不够吃啊。当然食材可以换成自己喜欢的食材，调料也可按个人口味调整哦。\n后来朋友来我家做客，我又做了这道【土豆腊肠饭】。朋友吃着很纳闷：“怎么你做的【土豆腊肠饭】更好吃呢？”我心里那个得意，自然是因为五常大米啊！', 'https://ggh-meishijie.oss-cn-shenzhen.aliyuncs.com/recipe/%E5%9C%9F%E8%B1%86%E8%85%8A%E8%82%A0%E9%A5%AD/finish1.jpg;https://ggh-meishijie.oss-cn-shenzhen.aliyuncs.com/recipe/%E5%9C%9F%E8%B1%86%E8%85%8A%E8%82%A0%E9%A5%AD/finish2.jpg;https://ggh-meishijie.oss-cn-shenzhen.aliyuncs.com/recipe/%E5%9C%9F%E8%B1%86%E8%85%8A%E8%82%A0%E9%A5%AD/finish3.jpg;https://ggh-meishijie.oss-cn-shenzhen.aliyuncs.com/recipe/%E5%9C%9F%E8%B1%86%E8%85%8A%E8%82%A0%E9%A5%AD/finish4.jpg;', 'https://ggh-meishijie.oss-cn-shenzhen.aliyuncs.com/recipe/%E5%9C%9F%E8%B1%86%E8%85%8A%E8%82%A0%E9%A5%AD/step1.jpg,备好食材：大米，腊肠，土豆，大蒜，小葱；土豆削皮洗净，大蒜去掉蒜衣，洗净；小葱洗净；;https://ggh-meishijie.oss-cn-shenzhen.aliyuncs.com/recipe/%E5%9C%9F%E8%B1%86%E8%85%8A%E8%82%A0%E9%A5%AD/step2.jpg,大米淘洗干净；土豆切丁；腊肠切丁；1瓣大蒜切片；2瓣大蒜切粒；小葱切成葱花；;https://ggh-meishijie.oss-cn-shenzhen.aliyuncs.com/recipe/%E5%9C%9F%E8%B1%86%E8%85%8A%E8%82%A0%E9%A5%AD/step3.jpg,将大米放入电饭煲内胆，倒入适量清水；具体水量需按平时个人喜好的口感调整；;https://ggh-meishijie.oss-cn-shenzhen.aliyuncs.com/recipe/%E5%9C%9F%E8%B1%86%E8%85%8A%E8%82%A0%E9%A5%AD/step4.jpg,接通电源，选择“标准煮”功能；;https://ggh-meishijie.oss-cn-shenzhen.aliyuncs.com/recipe/%E5%9C%9F%E8%B1%86%E8%85%8A%E8%82%A0%E9%A5%AD/step5.jpg,炒锅烧热，倒入适量植物油烧热，放入蒜片炒香；;https://ggh-meishijie.oss-cn-shenzhen.aliyuncs.com/recipe/%E5%9C%9F%E8%B1%86%E8%85%8A%E8%82%A0%E9%A5%AD/step6.jpg,放入腊肠翻炒；;https://ggh-meishijie.oss-cn-shenzhen.aliyuncs.com/recipe/%E5%9C%9F%E8%B1%86%E8%85%8A%E8%82%A0%E9%A5%AD/step7.jpg,再放入土豆丁翻炒；;https://ggh-meishijie.oss-cn-shenzhen.aliyuncs.com/recipe/%E5%9C%9F%E8%B1%86%E8%85%8A%E8%82%A0%E9%A5%AD/step8.jpg,食材8成熟时，调入适量生抽，香醋，细砂糖，盐，翻炒均匀，关火；;https://ggh-meishijie.oss-cn-shenzhen.aliyuncs.com/recipe/%E5%9C%9F%E8%B1%86%E8%85%8A%E8%82%A0%E9%A5%AD/step9.jpg,电饭煲没有冒烟时，倒入土豆腊肠，合上盖子，让煮饭程序继续；;https://ggh-meishijie.oss-cn-shenzhen.aliyuncs.com/recipe/%E5%9C%9F%E8%B1%86%E8%85%8A%E8%82%A0%E9%A5%AD/step10.jpg,蒜粒同适量生抽，香醋混合，搅拌均匀；\n;https://ggh-meishijie.oss-cn-shenzhen.aliyuncs.com/recipe/%E5%9C%9F%E8%B1%86%E8%85%8A%E8%82%A0%E9%A5%AD/step11.jpg,煮饭程序结束后，将内胆端出（这步可省略）；趁热倒入蒜粒调料；;https://ggh-meishijie.oss-cn-shenzhen.aliyuncs.com/recipe/%E5%9C%9F%E8%B1%86%E8%85%8A%E8%82%A0%E9%A5%AD/step12.jpg,再迅速拌匀；;https://ggh-meishijie.oss-cn-shenzhen.aliyuncs.com/recipe/%E5%9C%9F%E8%B1%86%E8%85%8A%E8%82%A0%E9%A5%AD/step13.jpg,盛出，点缀葱花；【土豆腊肠饭】做好啦。;', '1、调料可根据个人口味调整；\n', 'https://www.meishij.net/zuofa/tudoulachangfan_1.html', 1, '2021-09-17 13:49:59', '2025-06-07 16:38:33');
INSERT INTO `recipe_list` VALUES ('c755dd39-7db0-4917-9b2c-a45fe107b5ad', 0, 'https://ggh-meishijie.oss-cn-shenzhen.aliyuncs.com/recipe/%E9%9B%B6%E9%9A%BE%E5%BA%A6%E5%95%A4%E9%85%92%E7%83%A7%E9%B2%8D%E9%B1%BC/cover.jpg', NULL, '零难度啤酒烧鲍鱼', 7, 7220, '炒', '咸鲜味', '60分钟', '新手尝试', 'https://www.meishij.net/ajax/qrcode_wap.php?i=1876361', '鲍鱼:8只;啤酒:100毫升;蚝油:12毫升;', '葱末:20克;姜末:30克;蒜末:30克;生抽:10毫升;香油:3毫升;水淀粉:20毫升;白砂糖:3克;盐:适量;', 2, '80f46dc4-4e97-4665-f10c-3391350d9504', '啤酒烧鲍鱼，做法简单，但味道一点不输高档餐厅', 'https://ggh-meishijie.oss-cn-shenzhen.aliyuncs.com/recipe/%E9%9B%B6%E9%9A%BE%E5%BA%A6%E5%95%A4%E9%85%92%E7%83%A7%E9%B2%8D%E9%B1%BC/finish1.jpg;https://ggh-meishijie.oss-cn-shenzhen.aliyuncs.com/recipe/%E9%9B%B6%E9%9A%BE%E5%BA%A6%E5%95%A4%E9%85%92%E7%83%A7%E9%B2%8D%E9%B1%BC/finish2.jpg;https://ggh-meishijie.oss-cn-shenzhen.aliyuncs.com/recipe/%E9%9B%B6%E9%9A%BE%E5%BA%A6%E5%95%A4%E9%85%92%E7%83%A7%E9%B2%8D%E9%B1%BC/finish3.jpg;', 'https://ggh-meishijie.oss-cn-shenzhen.aliyuncs.com/recipe/%E9%9B%B6%E9%9A%BE%E5%BA%A6%E5%95%A4%E9%85%92%E7%83%A7%E9%B2%8D%E9%B1%BC/step1.jpg,鲍鱼8只撒盐，用牙刷清理表面污垢，清水洗净;https://ggh-meishijie.oss-cn-shenzhen.aliyuncs.com/recipe/%E9%9B%B6%E9%9A%BE%E5%BA%A6%E5%95%A4%E9%85%92%E7%83%A7%E9%B2%8D%E9%B1%BC/step2.jpg,用勺子挖出鲍鱼肉，去除内脏，洗净鲍鱼肉和鲍鱼壳，在鲍鱼肉表面切菱形花纹;https://ggh-meishijie.oss-cn-shenzhen.aliyuncs.com/recipe/%E9%9B%B6%E9%9A%BE%E5%BA%A6%E5%95%A4%E9%85%92%E7%83%A7%E9%B2%8D%E9%B1%BC/step3.jpg,锅中倒油，开火烧热，倒入葱末20 g、姜末30g、蒜末30g，煸香，加入蚝油12ml、生抽10ml、白砂糖3g、盐少许，翻炒均匀;https://ggh-meishijie.oss-cn-shenzhen.aliyuncs.com/recipe/%E9%9B%B6%E9%9A%BE%E5%BA%A6%E5%95%A4%E9%85%92%E7%83%A7%E9%B2%8D%E9%B1%BC/step4.jpg,倒入鲍鱼翻炒均匀，加入啤酒100ml，炖煮约2分钟，盛出装盘;https://ggh-meishijie.oss-cn-shenzhen.aliyuncs.com/recipe/%E9%9B%B6%E9%9A%BE%E5%BA%A6%E5%95%A4%E9%85%92%E7%83%A7%E9%B2%8D%E9%B1%BC/step5.jpg,锅中剩余汤汁中放入20ml水淀粉勾芡，加入香油3ml，大火把汤汁煮开;https://ggh-meishijie.oss-cn-shenzhen.aliyuncs.com/recipe/%E9%9B%B6%E9%9A%BE%E5%BA%A6%E5%95%A4%E9%85%92%E7%83%A7%E9%B2%8D%E9%B1%BC/step6.jpg,淋上芡汁，即可享用;', '', 'https://www.meishij.net/zuofa/lingnandupijiushaobaoyu.html', 1, '2021-09-17 13:55:20', '2025-06-07 17:06:01');
INSERT INTO `recipe_list` VALUES ('c95703bb-b17e-4441-830b-28f758c0e16e', 1, 'https://ggh-meishijie.oss-cn-shenzhen.aliyuncs.com/recipe/%E6%98%A5%E5%A4%A9%E4%B8%8D%E5%8F%AF%E9%94%99%E8%BF%87%EF%BC%8C%E9%87%8E%E8%8F%9C%E8%BF%99%E6%A0%B7%E5%90%83%E5%91%B3%E9%81%93%E8%B6%85%E8%B5%9E%E2%80%A6%E8%92%B8%E8%B1%8C%E8%B1%86%E8%8B%97/cover.jpg', 'https://ggh-meishijie.oss-cn-shenzhen.aliyuncs.com/recipe/%E6%98%A5%E5%A4%A9%E4%B8%8D%E5%8F%AF%E9%94%99%E8%BF%87%EF%BC%8C%E9%87%8E%E8%8F%9C%E8%BF%99%E6%A0%B7%E5%90%83%E5%91%B3%E9%81%93%E8%B6%85%E8%B5%9E%E2%80%A6%E8%92%B8%E8%B1%8C%E8%B1%86%E8%8B%97/video.mp4', '春天不可错过，野菜这样吃味道超赞…蒸豌豆苗', 399, 6243, '蒸', '家常味', '30分钟', '未知', 'https://www.meishij.net/ajax/qrcode_wap.php?i=1981774', '豌豆苗:500克;面粉:适量;', '盐:适量;蒜瓣:10瓣;蒜苗:2根;生抽:2勺;陈醋:2勺;白糖:1勺;油辣椒:1勺;芝麻油:适量;', 3, 'cd163a31-3f9f-81d8-1ca3-6c8dc84760ca', '春天真是各种野菜上市的时候，春天的滋味不可错过。\n简单面粉拌一拌蒸一蒸，绝美滋味！', 'https://ggh-meishijie.oss-cn-shenzhen.aliyuncs.com/recipe/%E6%98%A5%E5%A4%A9%E4%B8%8D%E5%8F%AF%E9%94%99%E8%BF%87%EF%BC%8C%E9%87%8E%E8%8F%9C%E8%BF%99%E6%A0%B7%E5%90%83%E5%91%B3%E9%81%93%E8%B6%85%E8%B5%9E%E2%80%A6%E8%92%B8%E8%B1%8C%E8%B1%86%E8%8B%97/finish1.jpg;https://ggh-meishijie.oss-cn-shenzhen.aliyuncs.com/recipe/%E6%98%A5%E5%A4%A9%E4%B8%8D%E5%8F%AF%E9%94%99%E8%BF%87%EF%BC%8C%E9%87%8E%E8%8F%9C%E8%BF%99%E6%A0%B7%E5%90%83%E5%91%B3%E9%81%93%E8%B6%85%E8%B5%9E%E2%80%A6%E8%92%B8%E8%B1%8C%E8%B1%86%E8%8B%97/finish2.jpg;', 'https://ggh-meishijie.oss-cn-shenzhen.aliyuncs.com/recipe/%E6%98%A5%E5%A4%A9%E4%B8%8D%E5%8F%AF%E9%94%99%E8%BF%87%EF%BC%8C%E9%87%8E%E8%8F%9C%E8%BF%99%E6%A0%B7%E5%90%83%E5%91%B3%E9%81%93%E8%B6%85%E8%B5%9E%E2%80%A6%E8%92%B8%E8%B1%8C%E8%B1%86%E8%8B%97/step1.jpg,豌豆苗洗净沥干水分。;https://ggh-meishijie.oss-cn-shenzhen.aliyuncs.com/recipe/%E6%98%A5%E5%A4%A9%E4%B8%8D%E5%8F%AF%E9%94%99%E8%BF%87%EF%BC%8C%E9%87%8E%E8%8F%9C%E8%BF%99%E6%A0%B7%E5%90%83%E5%91%B3%E9%81%93%E8%B6%85%E8%B5%9E%E2%80%A6%E8%92%B8%E8%B1%8C%E8%B1%86%E8%8B%97/step2.jpg,把豌豆苗均匀的拌上干面粉放入蒸笼。;https://ggh-meishijie.oss-cn-shenzhen.aliyuncs.com/recipe/%E6%98%A5%E5%A4%A9%E4%B8%8D%E5%8F%AF%E9%94%99%E8%BF%87%EF%BC%8C%E9%87%8E%E8%8F%9C%E8%BF%99%E6%A0%B7%E5%90%83%E5%91%B3%E9%81%93%E8%B6%85%E8%B5%9E%E2%80%A6%E8%92%B8%E8%B1%8C%E8%B1%86%E8%8B%97/step3.jpg,蒸锅上汽放入蒸笼大火蒸至10分钟。;https://ggh-meishijie.oss-cn-shenzhen.aliyuncs.com/recipe/%E6%98%A5%E5%A4%A9%E4%B8%8D%E5%8F%AF%E9%94%99%E8%BF%87%EF%BC%8C%E9%87%8E%E8%8F%9C%E8%BF%99%E6%A0%B7%E5%90%83%E5%91%B3%E9%81%93%E8%B6%85%E8%B5%9E%E2%80%A6%E8%92%B8%E8%B1%8C%E8%B1%86%E8%8B%97/step4.jpg,把蒜瓣，蒜苗切碎。;https://ggh-meishijie.oss-cn-shenzhen.aliyuncs.com/recipe/%E6%98%A5%E5%A4%A9%E4%B8%8D%E5%8F%AF%E9%94%99%E8%BF%87%EF%BC%8C%E9%87%8E%E8%8F%9C%E8%BF%99%E6%A0%B7%E5%90%83%E5%91%B3%E9%81%93%E8%B6%85%E8%B5%9E%E2%80%A6%E8%92%B8%E8%B1%8C%E8%B1%86%E8%8B%97/step5.jpg,小碗中加入生抽，陈醋，糖油辣椒，香油拌均匀。;https://ggh-meishijie.oss-cn-shenzhen.aliyuncs.com/recipe/%E6%98%A5%E5%A4%A9%E4%B8%8D%E5%8F%AF%E9%94%99%E8%BF%87%EF%BC%8C%E9%87%8E%E8%8F%9C%E8%BF%99%E6%A0%B7%E5%90%83%E5%91%B3%E9%81%93%E8%B6%85%E8%B5%9E%E2%80%A6%E8%92%B8%E8%B1%8C%E8%B1%86%E8%8B%97/step6.jpg,蒸好的豌豆苗加入盐，蒜末，蒜苗拌均匀。;https://ggh-meishijie.oss-cn-shenzhen.aliyuncs.com/recipe/%E6%98%A5%E5%A4%A9%E4%B8%8D%E5%8F%AF%E9%94%99%E8%BF%87%EF%BC%8C%E9%87%8E%E8%8F%9C%E8%BF%99%E6%A0%B7%E5%90%83%E5%91%B3%E9%81%93%E8%B6%85%E8%B5%9E%E2%80%A6%E8%92%B8%E8%B1%8C%E8%B1%86%E8%8B%97/step7.jpg,随蘸料上桌食用。;', '蒸野菜的时候，野菜一定要把水分沥干，最好是晒一下，然后再拌面粉蒸至，这样才能保证野菜口感好。', 'https://www.meishij.net/zuofa/chuntianbukecuoguoyecaizheyangchiweidaochaozanzhengwandoumiao.html', 1, '2021-09-17 13:53:07', '2025-06-12 00:43:31');
INSERT INTO `recipe_list` VALUES ('ce4a5ba4-c849-4e81-8271-d6fd7763b495', 0, 'https://ggh-meishijie.oss-cn-shenzhen.aliyuncs.com/recipe/%E8%82%89%E6%9C%AB%E8%B1%86%E8%85%90/cover.jpg', NULL, '肉末豆腐', 4001, 13288, '烧', '咸鲜味', '15分钟', '中级掌勺', 'https://www.meishij.net/ajax/qrcode_wap.php?i=1842452', '豆腐:一块;肉末:100克;黄豆酱:一大勺;', '盐:一撮;油:一勺;花椒:几颗;干红辣椒:几个;姜:一块;', 1, 'ed0d96fb-c4df-87d3-a7ba-6821ccfb5316', '豆腐是我比较喜欢的一种食材，营养好，还不含脂肪，素有“植物肉”的美称。豆腐的消化吸收率达95%以上。两小块豆腐，即可满足一个人一天钙的需要量。\n豆腐为补益清热养生食品，常食可补中益气、清热润燥、生津止渴、清洁肠胃。更适于热性体质、口臭口渴、肠胃不清、热病后调养者食用。非常适合夏天吃哦', 'https://ggh-meishijie.oss-cn-shenzhen.aliyuncs.com/recipe/%E8%82%89%E6%9C%AB%E8%B1%86%E8%85%90/finish1.jpg;https://ggh-meishijie.oss-cn-shenzhen.aliyuncs.com/recipe/%E8%82%89%E6%9C%AB%E8%B1%86%E8%85%90/finish2.jpg;https://ggh-meishijie.oss-cn-shenzhen.aliyuncs.com/recipe/%E8%82%89%E6%9C%AB%E8%B1%86%E8%85%90/finish3.jpg;', 'https://ggh-meishijie.oss-cn-shenzhen.aliyuncs.com/recipe/%E8%82%89%E6%9C%AB%E8%B1%86%E8%85%90/step1.jpg,各种食材准备好;https://ggh-meishijie.oss-cn-shenzhen.aliyuncs.com/recipe/%E8%82%89%E6%9C%AB%E8%B1%86%E8%85%90/step2.jpg,豆腐入锅，汆烫;https://ggh-meishijie.oss-cn-shenzhen.aliyuncs.com/recipe/%E8%82%89%E6%9C%AB%E8%B1%86%E8%85%90/step3.jpg,油锅烧热，爆香花椒、干红辣椒，捞出食材不用;https://ggh-meishijie.oss-cn-shenzhen.aliyuncs.com/recipe/%E8%82%89%E6%9C%AB%E8%B1%86%E8%85%90/step4.jpg,花椒油爆香蒜末，倒入黄豆酱炒出香味;https://ggh-meishijie.oss-cn-shenzhen.aliyuncs.com/recipe/%E8%82%89%E6%9C%AB%E8%B1%86%E8%85%90/step5.jpg,将肉泥倒进去，翻炒至微微变色;https://ggh-meishijie.oss-cn-shenzhen.aliyuncs.com/recipe/%E8%82%89%E6%9C%AB%E8%B1%86%E8%85%90/step6.jpg,肉泥变色的时候，淋入半碗水，将豆腐块倒进去;https://ggh-meishijie.oss-cn-shenzhen.aliyuncs.com/recipe/%E8%82%89%E6%9C%AB%E8%B1%86%E8%85%90/step7.jpg,烧至收汁，撒上葱花、调入盐调味即可出锅;', '豆腐汆烫不要太久，嫩嫩的口感才好。整个过程要大火快炒。肉末、豆腐嫩嫩的才好吃哦', 'https://www.meishij.net/zuofa/roumodoufu_48.html', 1, '2021-09-17 13:47:07', '2025-05-28 00:22:54');
INSERT INTO `recipe_list` VALUES ('d812d7df-15bf-4a22-82e1-6535d2e0e24a', 1, 'https://ggh-meishijie.oss-cn-shenzhen.aliyuncs.com/recipe/%E8%92%9C%E8%8B%97%E4%BA%94%E8%8A%B1%E8%82%89/cover.jpg', 'https://ggh-meishijie.oss-cn-shenzhen.aliyuncs.com/recipe/%E8%92%9C%E8%8B%97%E4%BA%94%E8%8A%B1%E8%82%89/video.mp4', '蒜苗五花肉', 4, 5486, '炒', '咸鲜味', '10分钟', '初级入门', 'https://www.meishij.net/ajax/qrcode_wap.php?i=1924192', '蒜苗:少许;亚麻籽油:1勺;', '盐:少许;酱油:少许;', 2, 'aee6b60f-9425-f5ea-cec6-662dbfbb459b', '蒜苗是这个季节最好的蔬菜，用亚麻籽油来炒更健康。', 'https://st-cn.meishij.net/rs/30/75/4706280/n4706280_155411994501755.jpg;', 'https://ggh-meishijie.oss-cn-shenzhen.aliyuncs.com/recipe/%E8%92%9C%E8%8B%97%E4%BA%94%E8%8A%B1%E8%82%89/step1.jpg,把蒜苗洗净备用;https://ggh-meishijie.oss-cn-shenzhen.aliyuncs.com/recipe/%E8%92%9C%E8%8B%97%E4%BA%94%E8%8A%B1%E8%82%89/step2.jpg,锅里加入亚麻籽油;https://ggh-meishijie.oss-cn-shenzhen.aliyuncs.com/recipe/%E8%92%9C%E8%8B%97%E4%BA%94%E8%8A%B1%E8%82%89/step3.jpg,入葱姜爆香，倒入五花肉片煸炒出油;https://ggh-meishijie.oss-cn-shenzhen.aliyuncs.com/recipe/%E8%92%9C%E8%8B%97%E4%BA%94%E8%8A%B1%E8%82%89/step4.jpg,加酱油烹一下炒匀，倒入蒜苗煸炒;https://ggh-meishijie.oss-cn-shenzhen.aliyuncs.com/recipe/%E8%92%9C%E8%8B%97%E4%BA%94%E8%8A%B1%E8%82%89/step5.jpg,加盐调味出锅，即成。亚麻公社，正宗亚麻籽油，呵护家人健康的放心油！;', '这菜大火煸炒才好吃。', 'https://www.meishij.net/zuofa/suanmiaowuhuarou_5.html', 1, '2021-09-17 13:53:25', '2025-05-13 22:46:15');
INSERT INTO `recipe_list` VALUES ('d881d3fa-a977-428f-a240-5dbc2651004d', 0, 'https://ggh-meishijie.oss-cn-shenzhen.aliyuncs.com/recipe/%E6%B3%A1%E9%9D%A2%E7%A7%92%E5%8F%98%E6%B1%89%E5%A0%A1%E5%8C%85/cover.jpg', NULL, '泡面秒变汉堡包', 730, 17986, '煎', '酱香味', '30分钟', '新手尝试', 'https://www.meishij.net/ajax/qrcode_wap.php?i=1878240', '泡面面饼:1个;鸡蛋:1个;鸡排:1块;', '生菜:2片;食用油:适量;芝士片:1片;番茄酱:适量;', 1, '80f46dc4-4e97-4665-f10c-3391350d9504', '拉面汉堡你居然没听过？这可是从纽约“飞”来的超级网红，一露面就刷爆了吃货的朋友圈！这回终于可以在家自己做啦~', 'https://ggh-meishijie.oss-cn-shenzhen.aliyuncs.com/recipe/%E6%B3%A1%E9%9D%A2%E7%A7%92%E5%8F%98%E6%B1%89%E5%A0%A1%E5%8C%85/finish1.jpg;https://ggh-meishijie.oss-cn-shenzhen.aliyuncs.com/recipe/%E6%B3%A1%E9%9D%A2%E7%A7%92%E5%8F%98%E6%B1%89%E5%A0%A1%E5%8C%85/finish2.jpg;', 'https://ggh-meishijie.oss-cn-shenzhen.aliyuncs.com/recipe/%E6%B3%A1%E9%9D%A2%E7%A7%92%E5%8F%98%E6%B1%89%E5%A0%A1%E5%8C%85/step1.jpg,泡面面饼1个，用热水泡软，捞出沥干;https://ggh-meishijie.oss-cn-shenzhen.aliyuncs.com/recipe/%E6%B3%A1%E9%9D%A2%E7%A7%92%E5%8F%98%E6%B1%89%E5%A0%A1%E5%8C%85/step2.jpg,鸡蛋1个打散，放入泡面，搅拌均匀;https://ggh-meishijie.oss-cn-shenzhen.aliyuncs.com/recipe/%E6%B3%A1%E9%9D%A2%E7%A7%92%E5%8F%98%E6%B1%89%E5%A0%A1%E5%8C%85/step3.jpg, 将鸡蛋泡面分装入两只圆碗中，垫上保鲜膜，压实，再压上重物静置30分钟定型;https://ggh-meishijie.oss-cn-shenzhen.aliyuncs.com/recipe/%E6%B3%A1%E9%9D%A2%E7%A7%92%E5%8F%98%E6%B1%89%E5%A0%A1%E5%8C%85/step4.jpg,炒锅倒油开火烧热，将面饼扣入锅中，煎至两面金黄，盛出;https://ggh-meishijie.oss-cn-shenzhen.aliyuncs.com/recipe/%E6%B3%A1%E9%9D%A2%E7%A7%92%E5%8F%98%E6%B1%89%E5%A0%A1%E5%8C%85/step5.jpg, 取一块煎好的面饼，放上生菜2片、鸡排1块，挤上番茄酱，再放上芝士片1片、煎蛋1个;https://ggh-meishijie.oss-cn-shenzhen.aliyuncs.com/recipe/%E6%B3%A1%E9%9D%A2%E7%A7%92%E5%8F%98%E6%B1%89%E5%A0%A1%E5%8C%85/step6.jpg,最后盖上另一块面饼，即可享用;', '', 'https://www.meishij.net/zuofa/paomianmiaobianhanbaobao.html', 1, '2021-09-17 13:51:26', '2025-06-07 16:57:58');
INSERT INTO `recipe_list` VALUES ('ea94f86d-ce5b-4895-a1b1-54b918d1e490', 0, 'https://ggh-meishijie.oss-cn-shenzhen.aliyuncs.com/recipe/%E7%8C%AA%E8%82%89%E9%94%85%E8%B4%B4/cover.jpg', NULL, '猪肉锅贴', 1078, 9596, '煎', '咸鲜味', '10分钟', '初级入门', 'https://www.meishij.net/ajax/qrcode_wap.php?i=1914986', '饺子皮:20个;猪肉馅:200克;鹌鹑蛋:10个;葱:1个;姜:1个;', '黄记煌藤椒汁:2勺（30克）;油:1碗（30克）;', 2, '04df6e94-5137-ce89-23c0-4b802c39f518', '作为一个在北方长大的南方人，我妈学会的第一个北方小吃，应该就是锅贴。锅贴是类似于煎烙馅类的小吃，特别是煎熟的底部呈现诱人的金黄色，酥脆可口，油香四溢，让人看着就流口水。我甚至还出现过把锅贴的底儿和馅儿吃了，留下上面的面皮骗我妈的“恶劣行径”，足以看出那层香酥油底儿的魅力。\n\n长大以后，去的地方多了，发现全国各地都有锅贴。山东的纯肉大锅贴，一个比一个体型大，放在油汪汪的巨大平底锅里，一开锅已是香气扑鼻，十足的肉馅更让人大饱口福；东北的水煎包锅贴，做成包子形状，馅儿确实鲜嫩的牛肉，灌汤流油，吃包先喝汤的传统也是当地的特色之一；就连日本人平时最爱的日式饺子，其实也是锅贴的一种，猪肉玉米馅儿别出心裁，水润的玉米加五香的猪肉，也是绝配。\n\n说到这儿，不免有人疑惑，你说的不是煎饺子吧？当然不是，锅贴和煎饺这对“堂兄妹”的区别在于：煎饺的制作需要先煎后煮，或者煮熟了再煎，盖上锅盖要一次成型；而锅贴却只能小火慢慢煎，期间还得不断转动锅子，甚至需要开盖淋点儿水才行。你看，虽说前期制作方法是一模一样，可这后期的烹饪方法却完全不同，这才使得锅贴的油底儿酥脆又不会干糊，留有油香又可口。\n\n今天教大家这个锅贴，既能够保留油煎的口感，又省略了那些油煎喷水的过程，用简单的小技巧帮你又快又省事的做出一盘猪肉小锅贴。', 'https://ggh-meishijie.oss-cn-shenzhen.aliyuncs.com/recipe/%E7%8C%AA%E8%82%89%E9%94%85%E8%B4%B4/finish1.jpg;https://ggh-meishijie.oss-cn-shenzhen.aliyuncs.com/recipe/%E7%8C%AA%E8%82%89%E9%94%85%E8%B4%B4/finish2.jpg;', 'https://ggh-meishijie.oss-cn-shenzhen.aliyuncs.com/recipe/%E7%8C%AA%E8%82%89%E9%94%85%E8%B4%B4/step1.jpg,这些都是食材，提前准备好;https://ggh-meishijie.oss-cn-shenzhen.aliyuncs.com/recipe/%E7%8C%AA%E8%82%89%E9%94%85%E8%B4%B4/step2.jpg,备菜：姜块去皮，切末，葱也切碎，肉馅中分批次加入清水，搅拌上劲;https://ggh-meishijie.oss-cn-shenzhen.aliyuncs.com/recipe/%E7%8C%AA%E8%82%89%E9%94%85%E8%B4%B4/step3.jpg,调馅：然后放入葱姜末，2勺藤椒汁和一点儿油，搅拌均匀之后静置5分钟;https://ggh-meishijie.oss-cn-shenzhen.aliyuncs.com/recipe/%E7%8C%AA%E8%82%89%E9%94%85%E8%B4%B4/step4.jpg,叠皮：拿一张饺子皮，上面刷一层薄油，然后再叠加一张，继续刷油，如此重复7-8层;https://ggh-meishijie.oss-cn-shenzhen.aliyuncs.com/recipe/%E7%8C%AA%E8%82%89%E9%94%85%E8%B4%B4/step5.jpg,擀皮：最后一张饺子皮不放油，用擀面杖慢慢把饺子皮擀开，成椭圆形最好;https://ggh-meishijie.oss-cn-shenzhen.aliyuncs.com/recipe/%E7%8C%AA%E8%82%89%E9%94%85%E8%B4%B4/step6.jpg,取皮：稍微静置一会儿，等油浸透，找到皮边儿，慢慢撕下一张，放在案板上;https://ggh-meishijie.oss-cn-shenzhen.aliyuncs.com/recipe/%E7%8C%AA%E8%82%89%E9%94%85%E8%B4%B4/step7.jpg,放馅：放一勺肉馅放在皮中间，用拇指在肉馅中间按个洞，洞里打入一个鹌鹑蛋;https://ggh-meishijie.oss-cn-shenzhen.aliyuncs.com/recipe/%E7%8C%AA%E8%82%89%E9%94%85%E8%B4%B4/step9.jpg,包裹：先把长边包起来，在用短边包裹，锅贴包好后翻个个儿放入5成热的油锅中;https://ggh-meishijie.oss-cn-shenzhen.aliyuncs.com/recipe/%E7%8C%AA%E8%82%89%E9%94%85%E8%B4%B4/step9.jpg,油煎：中火慢煎，2分钟换一面，直到锅贴两面都呈金黄色，即可出锅;', '1、和馅儿的小秘诀：肉馅选择肥瘦三七开，肉馅提前分批次加入少许清水，搅拌上劲，然后再放入其他食材和调味品搅拌均匀，腌制一会儿更入味。肉馅和水的比例是6:1为佳。\n2、利用腌制肉馅的时间，可以把做好的锅贴皮上锅蒸15分钟，皮会更加晶莹剔透。\n3、注意油煎的火候，如果火太大时间太短，会出现肉熟了蛋不熟的现象，小火慢慢煎才是正道，不要着急。', 'https://www.meishij.net/zuofa/zhurouguotie_4.html', 1, '2021-09-17 13:45:31', '2025-05-27 22:42:22');
INSERT INTO `recipe_list` VALUES ('ebc54936-abe7-432e-aa7f-80522f46cf02', 0, 'https://ggh-meishijie.oss-cn-shenzhen.aliyuncs.com/recipe/%E6%B5%87%E6%B1%81%E8%82%89%E6%9C%AB%E8%B1%86%E8%85%90/cover.jpg', NULL, '浇汁肉末豆腐', 7, 61099, '煮', '家常味', '15分钟', '中级掌勺', 'https://www.meishij.net/ajax/qrcode_wap.php?i=1673876', '内酯豆腐:1块;猪肉:120克;', '葱花:5克;盐:1勺;老抽:5克;鸡精:1克;老汤:1500克;水淀粉:40克;五香粉:2克;香菜:2克;', 2, 'd94caee9-0517-9a99-355f-c6b25f80e9b5', '对于一个上班族来说，每天下班能够快速的吃上饭菜，就是最幸福的事情。我每天特别辛苦，早上7点之前就要到学校，晚上5点多到家。家中有老父亲等待着我，我一般都是以豹的速度做饭菜，三口之家，三菜一汤。每天不仅要荤素搭配合理，还要考虑难易程度，老父亲的牙口不好，都要在考虑范围之内。这款菜，不仅简单，还快，而且老少皆宜，喜欢的看看：', 'https://ggh-meishijie.oss-cn-shenzhen.aliyuncs.com/recipe/%E6%B5%87%E6%B1%81%E8%82%89%E6%9C%AB%E8%B1%86%E8%85%90/finish1.jpg;https://ggh-meishijie.oss-cn-shenzhen.aliyuncs.com/recipe/%E6%B5%87%E6%B1%81%E8%82%89%E6%9C%AB%E8%B1%86%E8%85%90/finish2.jpg;https://ggh-meishijie.oss-cn-shenzhen.aliyuncs.com/recipe/%E6%B5%87%E6%B1%81%E8%82%89%E6%9C%AB%E8%B1%86%E8%85%90/finish3.jpg;https://ggh-meishijie.oss-cn-shenzhen.aliyuncs.com/recipe/%E6%B5%87%E6%B1%81%E8%82%89%E6%9C%AB%E8%B1%86%E8%85%90/finish4.jpg;', 'https://ggh-meishijie.oss-cn-shenzhen.aliyuncs.com/recipe/%E6%B5%87%E6%B1%81%E8%82%89%E6%9C%AB%E8%B1%86%E8%85%90/step1.jpg,准备一块内酯豆腐（或者普通豆腐）;https://ggh-meishijie.oss-cn-shenzhen.aliyuncs.com/recipe/%E6%B5%87%E6%B1%81%E8%82%89%E6%9C%AB%E8%B1%86%E8%85%90/step2.jpg,将豆腐切成小块\n;https://ggh-meishijie.oss-cn-shenzhen.aliyuncs.com/recipe/%E6%B5%87%E6%B1%81%E8%82%89%E6%9C%AB%E8%B1%86%E8%85%90/step3.jpg,锅里烧水，加入一小勺精盐，水开烫一下豆腐。;https://ggh-meishijie.oss-cn-shenzhen.aliyuncs.com/recipe/%E6%B5%87%E6%B1%81%E8%82%89%E6%9C%AB%E8%B1%86%E8%85%90/step4.jpg,然后捞出控水备用\n;https://ggh-meishijie.oss-cn-shenzhen.aliyuncs.com/recipe/%E6%B5%87%E6%B1%81%E8%82%89%E6%9C%AB%E8%B1%86%E8%85%90/step5.jpg,将肉切成小粒\n;https://ggh-meishijie.oss-cn-shenzhen.aliyuncs.com/recipe/%E6%B5%87%E6%B1%81%E8%82%89%E6%9C%AB%E8%B1%86%E8%85%90/step6.jpg,准备适量葱花\n;https://ggh-meishijie.oss-cn-shenzhen.aliyuncs.com/recipe/%E6%B5%87%E6%B1%81%E8%82%89%E6%9C%AB%E8%B1%86%E8%85%90/step7.jpg,锅烧热，加少许底油，葱花炝锅\n;https://ggh-meishijie.oss-cn-shenzhen.aliyuncs.com/recipe/%E6%B5%87%E6%B1%81%E8%82%89%E6%9C%AB%E8%B1%86%E8%85%90/step8.jpg,下肉煸炒变色，高温时候加适量料酒，然后加老抽\n;https://ggh-meishijie.oss-cn-shenzhen.aliyuncs.com/recipe/%E6%B5%87%E6%B1%81%E8%82%89%E6%9C%AB%E8%B1%86%E8%85%90/step9.jpg,加入适量老汤（平时烀肉的汤），没有老汤加清水，加适量的盐和五香粉;https://ggh-meishijie.oss-cn-shenzhen.aliyuncs.com/recipe/%E6%B5%87%E6%B1%81%E8%82%89%E6%9C%AB%E8%B1%86%E8%85%90/step10.jpg,大火烧开，适量水淀粉勾芡，然后关火加鸡精。;https://ggh-meishijie.oss-cn-shenzhen.aliyuncs.com/recipe/%E6%B5%87%E6%B1%81%E8%82%89%E6%9C%AB%E8%B1%86%E8%85%90/step11.jpg,将肉末浇在豆腐上，撒上香菜;', '没有老汤的可以用清水，也可以加一块浓汤宝来提味。', 'https://www.meishij.net/zuofa/jiaozhiroumodoufu.html', 1, '2021-09-17 13:49:48', '2025-06-01 14:21:38');
INSERT INTO `recipe_list` VALUES ('ebd0c73d-6dbf-49b5-813e-79b21e2fe7ff', 0, 'http://ggh-meishijie-210918.oss-cn-shenzhen.aliyuncs.com/recipe/images/s4658183_163300067200488.jpg', '', '测试211002', 5, 6, '烤', '家常味', '30分钟', '初中水平', 'http://ggh-meishijie-210918.oss-cn-shenzhen.aliyuncs.com/recipe/images/qrcode_wap.php%3Fi%3D1986956', '鸡翅中:500克;', '鸡翅中:500克;', 3, '2a75a2b5-135f-71c8-21cd-b0727d22dbda', '中秋佳节一定少不了肉菜，今天教大家一款非常好吃的烤鸡翅中。', 'http://ggh-meishijie-210918.oss-cn-shenzhen.aliyuncs.com/recipe/images/n4658183_163300079048482.jpg;', 'http://ggh-meishijie-210918.oss-cn-shenzhen.aliyuncs.com/recipe/images/n4658183_163300075625827.jpg,将鸡翅两面都切两刀（为了更加入味）；;http://ggh-meishijie-210918.oss-cn-shenzhen.aliyuncs.com/recipe/images/step2.jpg,放入盆中，加放生姜，椒盐粉，六月鲜特级酱油；;', '如果小朋友吃，可以不加辣椒粉。', 'https://www.meishij.net/zuofa/mizhijichizhong_2.html', 1, '2021-10-02 00:38:58', '2021-10-07 18:06:06');
INSERT INTO `recipe_list` VALUES ('ed08d6ea-1ad9-48c0-b1d5-b0472e5f42ce', 1, 'https://ggh-meishijie.oss-cn-shenzhen.aliyuncs.com/recipe/%E8%92%9C%E8%8B%97%E5%9B%9E%E9%94%85%E8%82%89/cover.jpg', 'https://ggh-meishijie.oss-cn-shenzhen.aliyuncs.com/recipe/%E8%92%9C%E8%8B%97%E5%9B%9E%E9%94%85%E8%82%89/video.mp4', '蒜苗回锅肉', 97, 36772, '炒', '家常味', '30分钟', '新手尝试', 'https://www.meishij.net/ajax/qrcode_wap.php?i=1919709', '蒜苗:50克;五花肉:100克;', '姜:5克;葱:10克;蒜:8克;', 1, '2f9c3b38-66f4-e23a-ebeb-4ff61e05383e', '无', 'https://ggh-meishijie.oss-cn-shenzhen.aliyuncs.com/recipe/%E8%92%9C%E8%8B%97%E5%9B%9E%E9%94%85%E8%82%89/cover.jpg;', 'https://ggh-meishijie.oss-cn-shenzhen.aliyuncs.com/recipe/%E8%92%9C%E8%8B%97%E5%9B%9E%E9%94%85%E8%82%89/step1.webp,姜丝5克，葱花10克，蒜片8克，蒜苗50克切段，五花肉100克切块;https://ggh-meishijie.oss-cn-shenzhen.aliyuncs.com/recipe/%E8%92%9C%E8%8B%97%E5%9B%9E%E9%94%85%E8%82%89/step2.webp,锅中食用油5ML，倒入蒜片，葱花，大火爆香;https://ggh-meishijie.oss-cn-shenzhen.aliyuncs.com/recipe/%E8%92%9C%E8%8B%97%E5%9B%9E%E9%94%85%E8%82%89/step3.webp,倒入五花肉，煸炒至肉块变色;https://ggh-meishijie.oss-cn-shenzhen.aliyuncs.com/recipe/%E8%92%9C%E8%8B%97%E5%9B%9E%E9%94%85%E8%82%89/step4.webp,倒入花椒1克、豆豉15克，翻炒均匀，豆瓣酱20克，生抽50克，翻炒出红油;https://ggh-meishijie.oss-cn-shenzhen.aliyuncs.com/recipe/%E8%92%9C%E8%8B%97%E5%9B%9E%E9%94%85%E8%82%89/step5.webp,倒入蒜苗，翻炒均匀;', '', 'https://www.meishij.net/zuofa/suanmiaohuiguorou_30.html', 1, '2021-09-17 13:52:58', '2025-05-07 01:31:33');
INSERT INTO `recipe_list` VALUES ('ef9961c6-ab54-4605-915e-1b3650077ac5', 0, 'https://ggh-meishijie.oss-cn-shenzhen.aliyuncs.com/recipe/%E8%8A%99%E8%93%89%E8%9B%8B%E5%8D%B7/cover.jpg', NULL, '芙蓉蛋卷', 4, 12942, '煮', '咸鲜味', '10分钟', '新手尝试', 'https://www.meishij.net/ajax/qrcode_wap.php?i=1915223', '鲜虾:12只;胡萝卜:1根 ;鸡蛋:3个;', '盐:适量;食用油:少许;料酒:少许;', 2, '670fbbd0-b55f-42f0-6ad9-0f9d2fad745e', '为孩子做早餐，既要好看又要好吃，更要营养，这道早餐芙蓉蛋卷就能完美的满足了所有要求！金灿灿的蛋卷包裹着鲜嫩的虾糜，不仅色泽诱人，口感吃起来又软又香，孩子吃再合适不过了\n\n百搭的鸡蛋搭配鸡肉、猪肉末、火腿、芝士、胡萝卜、香葱、鲜虾、番茄...只需要备好食材，摊一摊，卷一卷就好了。滑嫩的蛋卷中透出淡淡的肉香和蔬菜香，松软可口，不止大人喜爱，就连不爱吃饭的小孩子也被它征服！\n\n这次一共公布两种蛋卷的做法，视频中是未加虾糜的做法，图文是加虾糜的做法，好吃又毫无难度的鸡蛋卷，百变口味尽情享用吧～', 'https://ggh-meishijie.oss-cn-shenzhen.aliyuncs.com/recipe/%E8%8A%99%E8%93%89%E8%9B%8B%E5%8D%B7/finish1.jpg;https://ggh-meishijie.oss-cn-shenzhen.aliyuncs.com/recipe/%E8%8A%99%E8%93%89%E8%9B%8B%E5%8D%B7/finish2.jpg;', 'https://ggh-meishijie.oss-cn-shenzhen.aliyuncs.com/recipe/%E8%8A%99%E8%93%89%E8%9B%8B%E5%8D%B7/step1.gif,\n胡萝卜去皮，切小碎丁。;https://ggh-meishijie.oss-cn-shenzhen.aliyuncs.com/recipe/%E8%8A%99%E8%93%89%E8%9B%8B%E5%8D%B7/step2.gif,\n鲜虾去壳，用刀剁成虾糜。（鲜虾放入冰箱先冷冻20分钟左右，再取出更好剥壳。）\n;https://ggh-meishijie.oss-cn-shenzhen.aliyuncs.com/recipe/%E8%8A%99%E8%93%89%E8%9B%8B%E5%8D%B7/step3.gif,胡萝卜丁和虾糜放在碗中，打入1个鸡蛋。调入少许盐和料酒，用筷子搅拌均匀。\n;https://ggh-meishijie.oss-cn-shenzhen.aliyuncs.com/recipe/%E8%8A%99%E8%93%89%E8%9B%8B%E5%8D%B7/step4.gif,\n另取碗打入2个鸡蛋，撒上少许盐，划散成蛋液。\n;https://ggh-meishijie.oss-cn-shenzhen.aliyuncs.com/recipe/%E8%8A%99%E8%93%89%E8%9B%8B%E5%8D%B7/step5.gif,\n平底锅刷上一层薄油，烧热后倒入蛋液。;https://ggh-meishijie.oss-cn-shenzhen.aliyuncs.com/recipe/%E8%8A%99%E8%93%89%E8%9B%8B%E5%8D%B7/step6.gif,\n\n摊成圆圆的蛋饼，2个鸡蛋可做2张蛋饼。\n;https://ggh-meishijie.oss-cn-shenzhen.aliyuncs.com/recipe/%E8%8A%99%E8%93%89%E8%9B%8B%E5%8D%B7/step7.gif,\n\n蛋饼煎好后取出，平铺在案板上，稍稍放凉，再将混合好的虾糜在蛋饼上铺满，轻轻卷起蛋饼，卷好后放入盘中备用。\n;https://ggh-meishijie.oss-cn-shenzhen.aliyuncs.com/recipe/%E8%8A%99%E8%93%89%E8%9B%8B%E5%8D%B7/step8.gif,\n蒸锅中倒入适量冷水，将蛋卷放入锅中，大火蒸12-15分钟。\n\n;https://ggh-meishijie.oss-cn-shenzhen.aliyuncs.com/recipe/%E8%8A%99%E8%93%89%E8%9B%8B%E5%8D%B7/step9.gif,\n蒸好后取出，切段后趁热食用。（可搭配个人喜欢的酱汁，比如寿司酱油或醋汁。）\n\n;', 'TIPS\n\n1/  蒸制时间需根据蛋卷的数量和肉馅的多少适度调整。\n\n2/ 最好用鲜虾来制作虾糜，如果没有也可用超市的冷冻虾仁。', 'https://www.meishij.net/zuofa/furongdanjuan_2.html', 1, '2021-09-17 13:45:19', '2025-05-07 01:22:03');
INSERT INTO `recipe_list` VALUES ('f038922d-0fd4-4c08-8c08-10903b2b741b', 1, 'https://ggh-meishijie.oss-cn-shenzhen.aliyuncs.com/recipe/%E6%A6%B4%E8%8E%B2%E7%82%96%E9%B8%A1/cover.jpg', 'https://ggh-meishijie.oss-cn-shenzhen.aliyuncs.com/recipe/%E6%A6%B4%E8%8E%B2%E7%82%96%E9%B8%A1/video.mp4', '榴莲炖鸡', 425, 3216, '炖', '家常味', '2小时', '中级掌勺', 'https://www.meishij.net/ajax/qrcode_wap.php?i=1965945', '鸡:半只;曾公子榴莲肉:一盒;', '水:适量;盐:适量;料酒:适量;姜片:适量;', 1, 'ed0d96fb-c4df-87d3-a7ba-6821ccfb5316', '这菜冬天吃不起，夏天便宜放肆吃！有人喜欢有人怕，其实特滋补！夏天到了，吃货们最是开心，因为有很多冬天特别昂贵的食材，到了夏天价格就逐渐变得能接受了。美美是个对钱不是很敏感的人，买东西也比较随性，喜欢吃什么就买什么，平时对食材的价格也没有太大的感觉，不过今年春节在家待了那么久，天天买食材做美食，一个月花了平时几个月的伙食费，这下才发现，平时关注下食材的价格，每个月的伙食费都可以省出很多呢。春节的时候，不知咋地突然就迷上了榴莲，每天都馋，冬天的榴莲多贵呀！三四十块钱一斤，每次找最小的挑，都得好几百！对于我这样特别喜欢吃榴​莲​的人来说，一个榴莲真的没几分钟就搞定了！吃得真是肉疼啊！夏天的榴莲明显亲民了很多，十来块二十几块，可以吃个过瘾了！趁便宜的时候咱们还可以换着花样来做，榴莲的做法可多了，各种酥皮的甜品自然不再话​在，用来做菜也是超级美味哦！今天美美就给大家带来一道用榴莲做的滋补菜，香气浓郁，清甜滋润，喝上一口，真的是美滋滋的。平日里只舍得用榴莲壳炖鸡，今天咱们奢侈一下，用榴莲肉来炖鸡！我感觉这道菜肯定是有人喜欢有人怕，但真心希望大家能尝尝，不仅味道特别好，同时也特别滋补！榴莲炖鸡的功效', 'https://ggh-meishijie.oss-cn-shenzhen.aliyuncs.com/recipe/%E6%A6%B4%E8%8E%B2%E7%82%96%E9%B8%A1/finish1.jpg;https://ggh-meishijie.oss-cn-shenzhen.aliyuncs.com/recipe/%E6%A6%B4%E8%8E%B2%E7%82%96%E9%B8%A1/finish2.jpg;https://ggh-meishijie.oss-cn-shenzhen.aliyuncs.com/recipe/%E6%A6%B4%E8%8E%B2%E7%82%96%E9%B8%A1/finish3.jpg;https://ggh-meishijie.oss-cn-shenzhen.aliyuncs.com/recipe/%E6%A6%B4%E8%8E%B2%E7%82%96%E9%B8%A1/finish4.jpg;', 'https://ggh-meishijie.oss-cn-shenzhen.aliyuncs.com/recipe/%E6%A6%B4%E8%8E%B2%E7%82%96%E9%B8%A1/step1.jpg,榴莲肉和鸡都准备好，鸡事先剁成小块备用，榴莲肉根据自己的喜好放吧，我直接吃了一半，留一半炖鸡，吃剩下的榴莲核可以清洗干净一起炖哦。这个牌子的榴莲肉肉质特别厚，口感清甜细腻，比一般的榴莲品质要好很多。推荐。;https://ggh-meishijie.oss-cn-shenzhen.aliyuncs.com/recipe/%E6%A6%B4%E8%8E%B2%E7%82%96%E9%B8%A1/step2.jpg,榴莲核清洗干净备用。榴莲这么贵，核当然也不要丢弃啦！榴莲核有清补益气、滋润养阴的功效。广东民间就有用榴莲核煲汤的做法。相对榴莲果肉，榴莲核质地温和，煮汤有补肾、健脾的作用。榴莲果核用来煲汤，剥去外皮后和主料一起下锅炖烂，口感软糯像芋头，也像栗子，有补肾、健脾的作用，甚至有说营养价;https://ggh-meishijie.oss-cn-shenzhen.aliyuncs.com/recipe/%E6%A6%B4%E8%8E%B2%E7%82%96%E9%B8%A1/step3.jpg,姜片备用，榴莲核和榴莲肉都准备好。;https://ggh-meishijie.oss-cn-shenzhen.aliyuncs.com/recipe/%E6%A6%B4%E8%8E%B2%E7%82%96%E9%B8%A1/step4.jpg,鸡块冷水下锅，开火加热，加入几勺料酒和几片姜去腥，一起烧开。;https://ggh-meishijie.oss-cn-shenzhen.aliyuncs.com/recipe/%E6%A6%B4%E8%8E%B2%E7%82%96%E9%B8%A1/step5.jpg,开锅后，将表面的浮沫都细心撇掉。这样炖出来的鸡一点都没腥味。;https://ggh-meishijie.oss-cn-shenzhen.aliyuncs.com/recipe/%E6%A6%B4%E8%8E%B2%E7%82%96%E9%B8%A1/step6.jpg,将煮开的鸡肉捞出来，放入电砂锅中，加入没过鸡块的开水，将榴莲核和生姜片一起加进去。;https://ggh-meishijie.oss-cn-shenzhen.aliyuncs.com/recipe/%E6%A6%B4%E8%8E%B2%E7%82%96%E9%B8%A1/step7.jpg,盖上盖子，用炖鸡鸭键炖熟即可，大约一个半小时，如果想要快一点，可以用高压锅炖十分钟。;https://ggh-meishijie.oss-cn-shenzhen.aliyuncs.com/recipe/%E6%A6%B4%E8%8E%B2%E7%82%96%E9%B8%A1/step8.jpg,最后十分钟的时候将榴莲肉倒入，稍微搅拌，将榴莲肉搅碎了，汤汁的味道更浓郁哦！强烈推荐这款曾公子猫山王榴莲，冰淇淋般的香甜果肉，是我吃过的最美味的榴莲！;https://ggh-meishijie.oss-cn-shenzhen.aliyuncs.com/recipe/%E6%A6%B4%E8%8E%B2%E7%82%96%E9%B8%A1/step9.jpg,曾公子猫山王榴莲，冰激凌般的香甜果肉！;', '鸡事先要汆烫，这样炖出来的糖才清爽，而且没有异味。如果喜欢汤里的香味更浓郁，可以提前放入榴莲肉，稍微炖烂一点，让榴莲果肉完全融合到汤里，味道更好，我为了菜谱的完整美观，就留下整块的榴莲了。这道榴莲炖鸡，清甜滋补，趁夏天榴莲价格不贵，多给家人补补哦！', 'https://www.meishij.net/zuofa/liuliandunji_6.html', 1, '2021-09-17 13:55:09', '2025-06-11 01:10:04');
INSERT INTO `recipe_list` VALUES ('ff5a0564-6447-4896-b11d-54704b8f4a96', 1, 'https://ggh-meishijie.oss-cn-shenzhen.aliyuncs.com/recipe/%E6%A6%B4%E8%8E%B2%E5%8D%8E%E5%A4%AB%E9%A5%BC/cover.jpg', 'https://ggh-meishijie.oss-cn-shenzhen.aliyuncs.com/recipe/%E6%A6%B4%E8%8E%B2%E5%8D%8E%E5%A4%AB%E9%A5%BC/video.mp4', '榴莲华夫饼', 0, 1626, '烤', '其它口味', '30分钟', '新手尝试', 'https://www.meishij.net/ajax/qrcode_wap.php?i=1972441', '中筋面粉:105克;食盐:2克;低筋面粉:100克;纯奶牛:80克;全蛋液:40克;白砂糖:25克;奶粉:10克;黄油:25克;酵母粉:3克;榴莲:100克;', '华夫饼机:一台;', 2, '9e913674-c75d-b452-8478-2e324db3d6d4', '华夫饼的做法很简单，自己做既健康又实惠，我这次做的是酵母版的，对泡打粉介意的朋友们可以尝试一下这个版本的。\n酵母版的华夫饼也很适合做早餐，可以晚上提前揉好面团，放冰箱冷藏发酵。这样早上十几分钟也可以吃到热腾腾的华夫饼了，再配上一杯暖暖的热牛奶，美味早餐就可以上桌了！', 'https://ggh-meishijie.oss-cn-shenzhen.aliyuncs.com/recipe/%E6%A6%B4%E8%8E%B2%E5%8D%8E%E5%A4%AB%E9%A5%BC/finish1.jpg;https://ggh-meishijie.oss-cn-shenzhen.aliyuncs.com/recipe/%E6%A6%B4%E8%8E%B2%E5%8D%8E%E5%A4%AB%E9%A5%BC/finish2.jpg;https://ggh-meishijie.oss-cn-shenzhen.aliyuncs.com/recipe/%E6%A6%B4%E8%8E%B2%E5%8D%8E%E5%A4%AB%E9%A5%BC/finish3.jpg;https://ggh-meishijie.oss-cn-shenzhen.aliyuncs.com/recipe/%E6%A6%B4%E8%8E%B2%E5%8D%8E%E5%A4%AB%E9%A5%BC/finish4.jpg;', 'https://ggh-meishijie.oss-cn-shenzhen.aliyuncs.com/recipe/%E6%A6%B4%E8%8E%B2%E5%8D%8E%E5%A4%AB%E9%A5%BC/step1.jpg,准备好食材：中筋面粉105克、低筋面粉100克、白砂糖25克、全蛋液40克、牛奶80克、酵母3克、黄油25克、奶粉10克、食盐2克、榴莲果肉100克；;https://ggh-meishijie.oss-cn-shenzhen.aliyuncs.com/recipe/%E6%A6%B4%E8%8E%B2%E5%8D%8E%E5%A4%AB%E9%A5%BC/step2.jpg,将中筋面粉105克、低筋面粉100克、白砂糖25克、酵母3克、奶粉10克、食盐2克放入和面盆中；;https://ggh-meishijie.oss-cn-shenzhen.aliyuncs.com/recipe/%E6%A6%B4%E8%8E%B2%E5%8D%8E%E5%A4%AB%E9%A5%BC/step3.jpg,再将鸡蛋液40克和牛奶80克放入和面盆中，先揉成面团；;https://ggh-meishijie.oss-cn-shenzhen.aliyuncs.com/recipe/%E6%A6%B4%E8%8E%B2%E5%8D%8E%E5%A4%AB%E9%A5%BC/step4.jpg,然后加入软化好的黄油继续揉成光滑的面团，不用出膜；;https://ggh-meishijie.oss-cn-shenzhen.aliyuncs.com/recipe/%E6%A6%B4%E8%8E%B2%E5%8D%8E%E5%A4%AB%E9%A5%BC/step5.jpg,将做好的面团用保鲜膜包起来，发酵至2倍大或者放冰箱冷藏一晚；;https://ggh-meishijie.oss-cn-shenzhen.aliyuncs.com/recipe/%E6%A6%B4%E8%8E%B2%E5%8D%8E%E5%A4%AB%E9%A5%BC/step6.jpg,发酵到两倍大小左右，排气揉圆；;https://ggh-meishijie.oss-cn-shenzhen.aliyuncs.com/recipe/%E6%A6%B4%E8%8E%B2%E5%8D%8E%E5%A4%AB%E9%A5%BC/step7.jpg,将面团分割成等大的小份，用保鲜膜盖起来醒发15分钟；;https://ggh-meishijie.oss-cn-shenzhen.aliyuncs.com/recipe/%E6%A6%B4%E8%8E%B2%E5%8D%8E%E5%A4%AB%E9%A5%BC/step8.jpg,将100克榴莲果肉分成每个约8克的小块；;https://ggh-meishijie.oss-cn-shenzhen.aliyuncs.com/recipe/%E6%A6%B4%E8%8E%B2%E5%8D%8E%E5%A4%AB%E9%A5%BC/step9.jpg,取一个小面团，用擀面杖擀成片状，将榴莲果肉放进去包起来；;https://ggh-meishijie.oss-cn-shenzhen.aliyuncs.com/recipe/%E6%A6%B4%E8%8E%B2%E5%8D%8E%E5%A4%AB%E9%A5%BC/step10.jpg,像包包子一样包起来，收口向下；;https://ggh-meishijie.oss-cn-shenzhen.aliyuncs.com/recipe/%E6%A6%B4%E8%8E%B2%E5%8D%8E%E5%A4%AB%E9%A5%BC/step11.jpg,华夫饼机先预热几分钟，放入一个面团；;https://ggh-meishijie.oss-cn-shenzhen.aliyuncs.com/recipe/%E6%A6%B4%E8%8E%B2%E5%8D%8E%E5%A4%AB%E9%A5%BC/step12.jpg,盖上盖子，加热3分钟左右，具体看自己机器的火力，掌握时间哦！;https://ggh-meishijie.oss-cn-shenzhen.aliyuncs.com/recipe/%E6%A6%B4%E8%8E%B2%E5%8D%8E%E5%A4%AB%E9%A5%BC/step13.jpg,曾公子猫山王榴莲，芝士般丝滑软糯甜到爆！;', '1、面团用低筋面粉，是为了让华夫饼口感更松软，但是不好成团。也可以换成等量的中筋面粉，揉成团即可。\n2、面团的湿度大，口感比较松软；面团湿度小，口感比较扎实。所以要注意由于面粉的吸水性不同导致差异。\n3、面团较粘手，揉均匀基本成团就可以了。\n4、如果打算冷藏过夜，可揉成团后，室温发酵大约半小时，放冰箱冷藏。第二天拿出来后，再继续后面的步骤。\n5、不同华夫饼机的加热温度和时间都有差异，注意控制火候。一般看到冒白烟，闻到香味即可，比较松软；烘烤时间长的话口感偏干一些。', 'https://www.meishij.net/zuofa/liulianhuafubing.html', 1, '2021-09-17 13:59:20', '2025-06-11 00:47:30');
COMMIT;

-- ----------------------------
-- Table structure for today_three_meals_list
-- ----------------------------
DROP TABLE IF EXISTS `today_three_meals_list`;
CREATE TABLE `today_three_meals_list` (
  `id` int NOT NULL AUTO_INCREMENT,
  `column_title` varchar(255) CHARACTER SET utf8mb3 COLLATE utf8mb3_bin NOT NULL,
  `show_recipe_count` int NOT NULL,
  `recipe_list_str` varchar(1000) CHARACTER SET utf8mb3 COLLATE utf8mb3_bin NOT NULL,
  `sort` int DEFAULT NULL,
  `create_time` datetime NOT NULL,
  `update_time` datetime NOT NULL,
  PRIMARY KEY (`id`) USING BTREE
) ENGINE=InnoDB AUTO_INCREMENT=6 DEFAULT CHARSET=utf8mb3 COLLATE=utf8mb3_bin ROW_FORMAT=DYNAMIC;

-- ----------------------------
-- Records of today_three_meals_list
-- ----------------------------
BEGIN;
INSERT INTO `today_three_meals_list` VALUES (1, '早餐', 3, 'ef9961c6-ab54-4605-915e-1b3650077ac5,0,营养丰富，早餐最爱;ea94f86d-ce5b-4895-a1b1-54b918d1e490,1,简单快手，分分钟搞定;a502c2fc-20f6-40b9-b2d9-a056da783dca,2,简单美味，几分钟搞定早餐;', 0, '2021-09-17 13:46:29', '2021-09-17 13:46:29');
INSERT INTO `today_three_meals_list` VALUES (2, '午餐', 3, '6068a3bd-2f43-4485-91f5-4873fcc4d826,0,色香味俱佳，惊艳味蕾;432d2522-44da-408e-9902-10af55b3111a,1,鲜美入味，好吃到爆;ce4a5ba4-c849-4e81-8271-d6fd7763b495,2,营养美味，一吃停不下来;', 1, '2021-09-17 13:47:55', '2021-09-17 13:47:55');
INSERT INTO `today_three_meals_list` VALUES (3, '下午茶', 3, '154c03f9-49e6-40fc-8a8b-19d70fe6540b,0,香气扑鼻，好吃过瘾;432ff9d8-f9a5-44c9-9cb9-ce32339df939,1,无比美味，吃一口就爱上;92483c8f-9c61-44c9-808c-46ecccb2d675,2,美味下午茶，让人欲罢不能;', 2, '2021-09-17 13:49:31', '2021-09-17 13:49:31');
INSERT INTO `today_three_meals_list` VALUES (4, '晚餐', 3, 'ebc54936-abe7-432e-aa7f-80522f46cf02,0,鲜香可口，美味下饭;ba067802-84df-481d-b3d1-f831e4ce0f51,1,香味浓郁，让人食欲大增;a3003d22-7660-44f6-993b-03313076268b,2,味道鲜美，瞬间打开胃口;', 3, '2021-09-17 13:50:59', '2021-09-17 13:51:43');
INSERT INTO `today_three_meals_list` VALUES (5, '夜宵', 3, '468911e0-9788-49e1-b8cd-d6f1c05c407f,0,味道超赞，无比解馋;d881d3fa-a977-428f-a240-5dbc2651004d,1,鲜香美味，让人口水直流;318e9304-beae-46c2-8b10-16ba5b4059e0,2,美味过瘾，好吃停不下嘴;', 4, '2021-09-17 13:52:32', '2021-09-17 13:52:32');
COMMIT;

-- ----------------------------
-- Table structure for user_list
-- ----------------------------
DROP TABLE IF EXISTS `user_list`;
CREATE TABLE `user_list` (
  `id` varchar(255) CHARACTER SET utf8mb3 COLLATE utf8mb3_bin NOT NULL,
  `phone` varchar(255) CHARACTER SET utf8mb3 COLLATE utf8mb3_bin DEFAULT NULL,
  `account` varchar(255) CHARACTER SET utf8mb3 COLLATE utf8mb3_bin DEFAULT NULL,
  `password` varchar(255) CHARACTER SET utf8mb3 COLLATE utf8mb3_bin NOT NULL,
  `nickname` varchar(255) CHARACTER SET utf8mb3 COLLATE utf8mb3_bin DEFAULT NULL,
  `avatar` varchar(255) CHARACTER SET utf8mb3 COLLATE utf8mb3_bin DEFAULT NULL,
  `fan_count` int DEFAULT '0',
  `create_time` datetime NOT NULL,
  `update_time` datetime NOT NULL,
  PRIMARY KEY (`id`) USING BTREE
) ENGINE=InnoDB DEFAULT CHARSET=utf8mb3 COLLATE=utf8mb3_bin ROW_FORMAT=DYNAMIC;

-- ----------------------------
-- Records of user_list
-- ----------------------------
BEGIN;
INSERT INTO `user_list` VALUES ('04c25c7f-f8ba-2ffc-7df0-aeda227cdd11', NULL, '3979888a-5191-4da7-8c58-174718b78aca', '3979888a-5191-4da7-8c58-174718b78aca', '食尚煮易', 'https://s1.st.meishij.net/user/246/137/t1534496_159790954971278.jpg', 0, '2021-09-17 13:48:17', '2021-09-17 13:48:17');
INSERT INTO `user_list` VALUES ('04df6e94-5137-ce89-23c0-4b802c39f518', NULL, '0556c198-06f7-43a4-8cb4-18254c805887', '0556c198-06f7-43a4-8cb4-18254c805887', '秋食工作室', 'https://s1.st.meishij.net/user/102/220/t13242602_153905599494607.jpg', 0, '2021-09-17 13:45:31', '2021-09-17 13:45:31');
INSERT INTO `user_list` VALUES ('217cb14d-88cf-2fad-52bb-8de87e9b6c20', '18888888888', 'e51a7869-b337-426e-bbfa-8ed93ca4fd3f', 'e51a7869-b337-426e-bbfa-8ed93ca4fd3f', '籣草児', 'https://s1.st.meishij.net/user/159/228/t869659_97271.jpg', 0, '2021-10-07 18:17:41', '2021-10-07 18:17:41');
INSERT INTO `user_list` VALUES ('2a75a2b5-135f-71c8-21cd-b0727d22dbda', NULL, '22b91516-51b0-43d2-9f04-a991753dd3b2', '22b91516-51b0-43d2-9f04-a991753dd3b2', '小英子美食', 'https://s1.st.meishij.net/user/72/104/t4151072_159168176753360.jpg', 0, '2021-09-17 13:58:48', '2021-09-17 13:58:48');
INSERT INTO `user_list` VALUES ('2b4cef1a-0d2c-4698-fc5b-8e4f1f1d2977', NULL, '2654915b-3620-4966-b9eb-ec30bd632f29', '2654915b-3620-4966-b9eb-ec30bd632f29', '格丽思小厨房', 'https://s1.c.meishij.net/images/default/tx2_5.png', 0, '2021-09-17 13:46:57', '2021-09-17 13:46:57');
INSERT INTO `user_list` VALUES ('2f9c3b38-66f4-e23a-ebeb-4ff61e05383e', NULL, 'd531b42a-c56f-45ad-837b-c5e43a51fe6e', 'd531b42a-c56f-45ad-837b-c5e43a51fe6e', '美食小编', 'https://s1.st.meishij.net/user/41/203/t113291_86576.jpg', 0, '2021-09-17 13:52:58', '2021-09-17 13:52:58');
INSERT INTO `user_list` VALUES ('379d297b-e5ce-c60f-fea9-c6da49b5eab8', NULL, 'b5462014-60db-431c-bbfd-46971ad72158', 'b5462014-60db-431c-bbfd-46971ad72158', '二狗妈A', 'https://s1.st.meishij.net/user/93/190/t13922593_156345442796464.jpg', 0, '2021-09-17 13:56:50', '2021-09-17 13:56:50');
INSERT INTO `user_list` VALUES ('3acd4894-15f1-99df-74b4-3f4af449cdb0', NULL, 'a7a66dbe-47b6-48c3-b094-a8e6a67ef312', 'a7a66dbe-47b6-48c3-b094-a8e6a67ef312', '小鱼哥的私房', 'https://s1.st.meishij.net/user/220/165/t13666470_155353102090913.jpg', 0, '2021-09-17 13:57:20', '2021-09-17 13:57:20');
INSERT INTO `user_list` VALUES ('3b7d4e92-a039-bf00-cdf0-90f1f0109636', NULL, '4708b403-e667-4686-b298-a31ca802693a', '4708b403-e667-4686-b298-a31ca802693a', '大海微澜微博', 'https://s1.st.meishij.net/user/106/232/t3995606_150916473977598.jpg', 0, '2021-09-17 13:59:11', '2021-09-17 13:59:11');
INSERT INTO `user_list` VALUES ('4732298e-3d98-afd2-11b2-400be76de423', NULL, 'wjzggh', 'fe5f2e5cceb381352dd1ac3b2cd2e447', NULL, NULL, 0, '2022-08-10 23:12:08', '2022-08-10 23:12:08');
INSERT INTO `user_list` VALUES ('4aefcad8-ee29-e6f0-a182-8e30b4aaf0c4', NULL, '0b03521d-d96e-4b11-b783-cbedb0c4c6ca', '0b03521d-d96e-4b11-b783-cbedb0c4c6ca', 'lin悠然', 'https://s1.st.meishij.net/user/245/200/t4487745_143626112997061.jpg', 0, '2021-09-17 13:50:09', '2021-09-17 13:50:09');
INSERT INTO `user_list` VALUES ('670fbbd0-b55f-42f0-6ad9-0f9d2fad745e', NULL, 'd088a19e-d5b5-40a1-bfb4-825ffbbfa5ea', 'd088a19e-d5b5-40a1-bfb4-825ffbbfa5ea', '孔老师教做菜', 'https://s1.st.meishij.net/user/10/120/t30010_143755475579937.jpg', 0, '2021-09-17 13:45:19', '2021-09-17 13:45:19');
INSERT INTO `user_list` VALUES ('697a0285-b951-8259-49b1-0246e1ea550a', NULL, '350d5584-d20b-4130-8c09-0513a6af66d6', '350d5584-d20b-4130-8c09-0513a6af66d6', '宁小麦96', 'https://s1.st.meishij.net/user/235/249/t13687485_156664047941204.jpg', 0, '2021-09-17 13:56:40', '2021-09-17 13:56:40');
INSERT INTO `user_list` VALUES ('70d03df1-8419-bd74-ee3b-9d7969a74291', NULL, 'a2c44e90-e540-4314-a074-fcf25f08364f', 'a2c44e90-e540-4314-a074-fcf25f08364f', '水怜忧', 'https://s1.st.meishij.net/user/73/127/t10031823_154579600302699.jpg', 0, '2021-09-17 13:58:38', '2021-09-17 13:58:38');
INSERT INTO `user_list` VALUES ('7d65490b-1fe4-2ac0-b412-e13ab12de189', NULL, '3905f7b4-df1a-4e50-bc51-b0ead73a5533', '3905f7b4-df1a-4e50-bc51-b0ead73a5533', '18LS28xgl零落', 'https://s1.st.meishij.net/user/115/13/t2253365_62483.jpg', 0, '2021-09-17 13:49:59', '2021-09-17 13:49:59');
INSERT INTO `user_list` VALUES ('80f46dc4-4e97-4665-f10c-3391350d9504', NULL, '5a4edb32-cc75-4ca1-a318-3b0e462b024f', '5a4edb32-cc75-4ca1-a318-3b0e462b024f', '罐头视频', 'https://s1.st.meishij.net/user/152/221/t9805402_149181424048398.jpg', 0, '2021-09-17 13:48:27', '2021-09-17 13:48:27');
INSERT INTO `user_list` VALUES ('873b95e9-8964-747b-e302-36bc6c51e569', NULL, 'a4f8487f-bcc6-407c-93f5-59b31f1532fb', 'a4f8487f-bcc6-407c-93f5-59b31f1532fb', '白茶home', 'https://s1.st.meishij.net/user/96/156/t6789096_156549897688970.jpg', 0, '2021-09-17 13:54:48', '2021-09-17 13:54:48');
INSERT INTO `user_list` VALUES ('8a424df1-137a-a5bb-e348-9d9898174961', NULL, '9c467fa0-0576-4fea-ae05-941845f092ef', '9c467fa0-0576-4fea-ae05-941845f092ef', '宸希麻麻厨房', 'https://s1.st.meishij.net/user/136/141/t13410386_157234494390208.jpg', 0, '2021-09-17 13:45:42', '2021-09-17 13:45:42');
INSERT INTO `user_list` VALUES ('8a7c5499-ed74-8cce-8679-8ae051ffdd3c', NULL, '112b35ba-c33b-44d8-84c3-a449afc5426f', '112b35ba-c33b-44d8-84c3-a449afc5426f', '林妈爱美食', 'https://s1.st.meishij.net/user/32/219/t3992282_145761023143409.jpg', 0, '2021-09-17 13:51:35', '2021-09-17 13:51:35');
INSERT INTO `user_list` VALUES ('9e913674-c75d-b452-8478-2e324db3d6d4', NULL, '763481e4-45f3-4cf6-984b-2b33d2773c91', '763481e4-45f3-4cf6-984b-2b33d2773c91', '深蓝小米粥', 'https://s1.st.meishij.net/user/141/154/t4351141_143641422651509.jpg', 0, '2021-09-17 13:59:20', '2021-09-17 13:59:20');
INSERT INTO `user_list` VALUES ('aee6b60f-9425-f5ea-cec6-662dbfbb459b', NULL, 'ffed9065-9f57-4ede-9dba-6b7d314cea89', 'ffed9065-9f57-4ede-9dba-6b7d314cea89', '雪峰儿', 'https://s1.st.meishij.net/user/30/75/t4706280_157196159259154.jpg', 0, '2021-09-17 13:53:25', '2021-09-17 13:53:25');
INSERT INTO `user_list` VALUES ('af8c94b0-7fc0-88c8-7f81-aed4d7df24cc', NULL, 'effab836-2872-4b9b-b4a3-5ac285345665', 'effab836-2872-4b9b-b4a3-5ac285345665', '青柠食记', 'https://s1.st.meishij.net/user/239/17/t2941989_157043044493736.jpg', 0, '2021-09-17 13:53:17', '2021-09-17 13:53:17');
INSERT INTO `user_list` VALUES ('c0077edf-38fa-d8b3-dd58-44bc82624b0a', NULL, '65880ebd-ea11-4126-8020-a1efa1724858', '65880ebd-ea11-4126-8020-a1efa1724858', '翻糖MM-白之猫猫', 'https://s1.st.meishij.net/user/04/143/t2598254_44865.jpg', 0, '2021-09-17 13:55:31', '2021-09-17 13:55:31');
INSERT INTO `user_list` VALUES ('cd163a31-3f9f-81d8-1ca3-6c8dc84760ca', NULL, '82056bf3-a684-45c1-a3b7-1f1f5cd120a2', '82056bf3-a684-45c1-a3b7-1f1f5cd120a2', '红豆厨坊', 'https://s1.st.meishij.net/user/150/151/t14787900_161011039628014.jpg', 0, '2021-09-17 13:53:07', '2021-09-17 13:53:07');
INSERT INTO `user_list` VALUES ('d4e53f58-91ff-caa6-5fc2-2dac424572a3', NULL, '78baf78f-032c-4372-98e8-57d51171eec9', '78baf78f-032c-4372-98e8-57d51171eec9', '飘雪的季节(来自腾讯....)', 'https://s1.st.meishij.net/user/134/61/t5140384_154417117107935.jpg', 0, '2021-10-07 20:13:50', '2021-10-07 20:13:50');
INSERT INTO `user_list` VALUES ('d94caee9-0517-9a99-355f-c6b25f80e9b5', '', 'b5a55e85-f521-4f38-bd5f-4da878ff9787', 'b5a55e85-f521-4f38-bd5f-4da878ff9787', '紫默（小草根家庭美食）', 'https://s1.st.meishij.net/user/53/149/t2912303_147644565234925.jpg', 0, '2021-09-17 13:49:48', '2021-09-17 13:49:48');
INSERT INTO `user_list` VALUES ('e073d969-3e2b-5334-0abe-3ef357c7d940', NULL, '63235562-9bc4-4a15-a471-13e832c3a5a3', '63235562-9bc4-4a15-a471-13e832c3a5a3', '飘零星', 'https://s1.st.meishij.net/user/62/147/t599312_58182.jpg', 0, '2021-09-17 13:56:59', '2021-09-17 13:56:59');
INSERT INTO `user_list` VALUES ('ead46b75-8f9a-7f51-c3fe-32cb23fa1160', NULL, '31462d22-2bce-4b3a-82c2-48f413f6c9c0', '31462d22-2bce-4b3a-82c2-48f413f6c9c0', '笑对明天(来自腾讯.)', 'https://s1.st.meishij.net/user/178/49/t1824928_26384.jpg', 0, '2021-09-17 13:48:38', '2021-09-17 13:48:38');
INSERT INTO `user_list` VALUES ('ebc6ca26-233d-ef4e-9bc5-8781395298e3', NULL, '2455e2a6-8b52-4335-94a4-a6596c180200', '2455e2a6-8b52-4335-94a4-a6596c180200', '恬萝姑娘', 'https://s1.st.meishij.net/user/87/44/t636087_41821.jpg', 0, '2021-09-17 13:59:01', '2021-09-17 13:59:01');
INSERT INTO `user_list` VALUES ('ed0d96fb-c4df-87d3-a7ba-6821ccfb5316', NULL, '6a6856c2-8a5d-4f1d-b553-e2a6ee312238', '6a6856c2-8a5d-4f1d-b553-e2a6ee312238', '美美家的厨房', 'https://s1.st.meishij.net/user/208/102/t1025708_143108176835021.jpg', 0, '2021-09-17 13:46:45', '2021-09-17 13:46:45');
INSERT INTO `user_list` VALUES ('f08bb911-9f19-c2ed-8b4e-db3df9e9f885', NULL, 'c44e1382-9034-4cdc-9233-9076adda3f3e', 'c44e1382-9034-4cdc-9233-9076adda3f3e', '东菱厨坊', 'https://s1.st.meishij.net/user/191/07/t3939441_142975584370681.jpg', 0, '2021-09-17 13:54:59', '2021-09-17 13:54:59');
COMMIT;

SET FOREIGN_KEY_CHECKS = 1;
